timestamp,sample_index,temperature,humidity
13:10:43,5,22.14,46.86
13:10:46,6,22.17,46.89
13:10:49,7,22.14,46.97
13:10:52,8,22.16,46.95
13:13:57,9,22.14,46.99
13:14:00,10,22.12,47.03
13:14:04,11,22.12,47.1
13:14:07,12,22.12,47.18
13:14:10,13,22.12,47.22
13:14:13,14,22.1,47.34
13:14:16,15,22.1,47.29
13:14:19,16,22.1,47.34
13:14:22,17,22.12,47.31
13:14:25,18,22.07,47.32
13:14:28,19,22.09,47.28
13:14:31,20,22.09,47.31
13:14:34,21,22.07,47.31
13:14:38,22,22.07,47.33
13:14:40,23,22.03,47.32
13:14:44,24,22.07,47.33
13:14:47,25,22.07,47.36
13:14:49,26,22.02,47.29
13:14:52,27,22.03,47.31
13:14:55,28,22.03,47.35
13:14:58,29,22.0,47.4
13:15:02,30,22.04,47.4
13:15:04,31,22.0,47.44
13:15:08,32,22.03,47.44
13:15:11,33,22.0,47.41
13:15:14,34,21.99,47.41
13:15:17,35,21.97,47.38
13:15:20,36,21.97,47.43
13:15:23,37,22.0,47.42
13:15:26,38,21.99,47.48
13:15:29,39,21.96,47.39
13:15:32,40,21.99,47.26
13:15:35,41,21.96,47.08
13:15:38,42,21.97,47.14
13:15:41,43,22.44,59.36
13:15:45,44,25.89,71.94
13:15:47,45,28.27,81.06
13:15:50,46,27.63,85.8
13:15:53,47,27.11,71.63
13:15:57,48,26.45,63.64
13:15:59,49,25.89,59.55
13:16:03,50,25.33,57.87
13:16:05,51,24.89,56.84
13:16:08,52,24.47,55.56
13:16:11,53,24.06,53.49
13:16:16,54,23.7,50.42
13:16:17,55,23.49,49.83
13:16:21,56,23.37,49.92
13:16:24,57,23.25,50.05
13:16:27,58,23.19,49.99
13:16:30,59,23.11,49.7
13:16:33,60,23.01,49.58
13:16:36,61,22.95,49.44
13:16:39,62,22.91,49.23
13:16:43,63,22.87,48.69
13:16:45,64,22.83,48.14
13:16:48,65,22.79,47.94
13:16:51,66,22.75,47.9
13:16:54,67,22.75,47.87
13:16:57,68,22.74,47.72
13:17:01,69,22.69,47.64
13:17:03,70,22.67,47.47
13:17:07,71,22.64,47.35
13:17:09,72,22.6,47.17
13:17:12,73,22.57,47.07
13:17:15,74,22.55,47.08
13:17:18,75,22.54,47.07
13:17:21,76,22.51,47.08
13:17:25,77,22.5,47.07
13:17:28,78,22.47,47.11
13:17:31,79,22.47,47.16
13:17:34,80,22.43,47.18
13:17:37,81,22.41,47.21
13:17:40,82,22.41,47.2
13:17:43,83,22.4,47.23
13:17:46,84,22.39,47.28
13:17:49,85,22.36,47.26
13:17:52,86,22.33,47.21
13:17:55,87,22.3,47.2
13:17:58,88,22.3,47.23
13:18:01,89,22.27,47.27
13:18:04,90,22.29,47.26
13:18:08,91,22.27,47.34
13:18:11,92,22.23,47.38
13:18:13,93,22.21,47.34
13:18:16,94,22.24,47.4
13:18:19,95,22.21,47.41
13:18:22,96,22.2,47.41
13:18:25,97,22.18,47.44
13:18:29,98,22.17,47.44
13:18:32,99,22.17,47.48
13:18:35,100,22.13,47.48
13:18:38,101,22.16,47.51
13:18:41,102,22.14,47.53
13:18:44,103,22.12,47.56
13:18:47,104,22.12,47.54
13:18:50,105,22.12,47.56
13:18:53,106,22.1,47.61
13:18:56,107,22.1,47.62
13:18:59,108,22.09,47.76
13:19:02,109,22.09,47.97
13:19:05,110,22.1,47.89
13:19:08,111,22.07,47.93
13:19:11,112,22.06,47.89
13:19:14,113,22.07,47.9
13:19:18,114,22.04,47.93
13:19:20,115,22.04,47.93
13:19:23,116,22.03,47.92
13:19:26,117,22.04,47.93
13:19:30,118,22.02,47.95
13:19:33,119,22.02,47.94
13:19:35,120,22.02,47.93
13:19:39,121,21.99,47.94
13:19:42,122,22.02,48.0
13:19:45,123,22.0,48.0
13:19:48,124,22.0,48.06
13:19:51,125,21.96,48.04
13:19:54,126,22.02,48.06
13:19:57,127,21.96,48.06
13:20:00,128,21.94,48.13
13:20:03,129,21.94,48.09
13:20:06,130,21.93,48.13
13:20:09,131,21.94,48.14
13:20:12,132,21.93,48.1
13:20:15,133,21.93,48.07
13:20:18,134,21.92,48.1
13:20:21,135,21.9,48.12
13:20:24,136,21.88,48.07
13:20:27,137,21.89,48.16
13:20:30,138,21.89,48.22
13:20:33,139,21.86,48.22
13:20:37,140,21.86,48.24
13:20:39,141,21.89,48.28
13:20:42,142,21.85,48.27
13:20:46,143,21.88,48.29
13:20:49,144,21.83,48.25
13:20:52,145,21.85,48.29
13:20:55,146,21.83,48.27
13:20:58,147,21.83,48.3
13:21:01,148,21.83,48.3
13:21:04,149,21.8,48.3
13:21:07,150,21.8,48.3
13:21:10,151,21.82,48.34
13:21:13,152,21.79,48.35
13:21:16,153,21.82,48.3
13:21:19,154,21.79,48.36
13:21:22,155,21.8,48.38
13:21:25,156,21.8,48.43
13:21:29,157,21.78,48.42
13:21:32,158,21.79,48.45
13:21:35,159,21.8,48.5
13:21:37,160,21.78,48.49
13:21:40,161,21.79,48.49
13:21:43,162,21.79,48.55
13:21:46,163,21.78,48.54
13:21:50,164,21.78,48.54
13:21:53,165,21.79,48.56
13:21:56,166,21.76,48.76
13:21:59,167,21.79,48.86
13:22:02,168,21.79,48.93
13:22:05,169,21.78,48.98
13:22:08,170,21.8,49.11
13:22:11,171,21.78,49.88
13:22:14,172,21.8,49.54
13:22:17,173,21.8,49.36
13:22:20,174,21.82,49.25
13:22:23,175,21.8,49.2
13:22:26,176,21.79,49.14
13:22:29,177,21.79,49.12
13:22:32,178,21.78,49.09
13:22:35,179,21.76,49.09
13:22:38,180,21.78,49.07
13:22:41,181,21.76,49.03
13:22:44,182,21.76,49.04
13:22:47,183,21.76,48.98
13:22:50,184,21.78,48.81
13:22:54,185,21.78,48.76
13:22:56,186,21.78,48.76
13:23:00,187,21.76,48.69
13:23:03,188,21.75,48.66
13:23:06,189,21.8,48.57
13:23:09,190,21.79,48.5
13:23:12,191,21.78,48.57
13:23:15,192,21.78,48.74
13:23:18,193,21.79,48.77
13:23:21,194,21.8,48.81
13:23:24,195,21.79,48.85
13:23:27,196,21.78,48.88
13:23:30,197,21.78,48.95
13:23:33,198,21.8,48.89
13:23:36,199,21.88,49.2
13:23:39,200,21.93,54.22
13:23:42,201,25.01,63.27
13:23:45,202,25.93,75.55
13:23:48,203,28.18,86.11
13:23:51,204,27.25,90.71
13:23:54,205,26.48,90.93
13:23:58,206,25.63,85.91
13:24:00,207,24.99,79.83
13:24:03,208,24.51,78.67
13:24:07,209,24.13,77.5
13:24:09,210,23.8,75.95
13:24:13,211,23.53,74.69
13:24:16,212,23.35,73.82
13:24:19,213,23.22,73.78
13:24:22,214,23.09,73.08
13:24:25,215,23.02,71.57
13:24:28,216,22.95,69.43
13:24:31,217,22.88,67.26
13:24:34,218,22.81,64.68
13:24:37,219,22.78,61.98
13:24:40,220,22.75,60.2
13:24:43,221,22.71,58.7
13:24:46,222,22.68,57.17
13:24:49,223,22.65,56.06
13:24:52,224,22.63,55.21
13:24:55,225,22.61,54.6
13:24:58,226,22.57,54.02
13:25:01,227,22.55,53.5
13:25:04,228,22.53,53.02
13:25:07,229,22.53,52.59
13:25:11,230,22.48,52.19
13:25:14,231,22.48,51.91
13:25:16,232,22.47,51.57
13:25:20,233,22.47,51.21
13:25:22,234,22.45,50.94
13:25:25,235,22.4,50.68
13:25:29,236,22.4,50.48
13:25:32,237,22.39,50.27
13:25:35,238,22.41,50.12
13:25:38,239,22.39,49.98
13:25:41,240,22.37,49.87
13:25:44,241,22.34,49.71
13:25:47,242,22.34,49.56
13:25:50,243,22.33,49.36
13:25:53,244,22.32,49.11
13:25:56,245,22.32,48.95
13:25:59,246,22.3,48.67
13:26:02,247,22.29,48.56
13:26:05,248,22.29,48.46
13:26:08,249,22.25,48.36
13:26:11,250,22.27,48.36
13:26:14,251,22.27,48.38
13:26:17,252,22.27,48.39
13:26:21,253,22.23,48.03
13:26:24,254,22.24,47.81
13:26:26,255,22.24,47.77
13:26:30,256,22.24,47.73
13:26:32,257,22.23,47.72
13:26:35,258,22.23,47.8
13:26:39,259,22.27,49.91
13:26:42,260,22.33,51.01
13:26:45,261,22.29,51.35
13:26:48,262,22.25,50.51
13:26:51,263,22.3,50.03
13:26:54,264,22.3,49.59
13:26:57,265,22.29,49.13
13:27:00,266,22.3,48.81
13:27:03,267,22.25,48.69
13:27:06,268,22.27,48.63
13:27:09,269,22.25,48.55
13:27:12,270,22.24,48.57
13:27:15,271,22.25,48.55
13:27:19,272,22.23,48.54
13:27:21,273,22.25,48.56
13:27:24,274,22.23,48.51
13:27:27,275,22.25,48.64
13:27:30,276,22.21,48.59
13:27:33,277,22.21,48.46
13:27:37,278,22.21,48.62
13:27:39,279,22.2,48.61
13:27:42,280,22.2,48.59
13:27:46,281,22.2,48.54
13:27:49,282,22.16,48.37
13:27:52,283,22.16,48.3
13:27:55,284,22.14,48.29
13:27:58,285,22.16,48.18
13:28:01,286,22.13,48.16
13:28:04,287,22.1,48.1
13:28:07,288,22.1,48.03
13:28:10,289,22.12,47.92
13:28:13,290,22.1,47.88
13:28:16,291,22.1,47.92
13:28:19,292,22.07,47.93
13:28:22,293,22.1,47.92
13:28:26,294,22.07,47.9
13:28:28,295,22.07,47.88
13:28:31,296,22.04,47.88
13:28:34,297,22.07,47.87
13:28:37,298,22.04,47.85
13:28:40,299,22.03,47.77
13:28:43,300,22.03,47.82
13:28:46,301,22.02,47.81
13:28:50,302,22.0,47.83
13:28:52,303,22.02,47.89
13:28:55,304,22.0,47.8
13:28:58,305,22.0,47.81
13:29:01,306,22.02,47.79
13:29:04,307,21.99,47.68
13:29:07,308,21.97,47.62
13:29:10,309,21.96,47.49
13:29:13,310,21.99,47.23
13:29:16,311,21.96,47.2
13:29:19,312,21.94,47.11
13:29:22,313,21.96,47.02
13:29:26,314,21.93,46.99
13:29:29,315,21.92,46.92
13:29:32,316,21.92,46.85
13:29:35,317,21.92,46.88
13:29:38,318,21.93,46.83
13:29:41,319,21.92,46.82
13:29:44,320,21.9,46.79
13:29:47,321,21.9,46.79
13:29:50,322,21.9,46.84
13:29:53,323,21.89,46.83
13:29:56,324,21.89,46.91
13:29:59,325,21.86,46.97
13:30:02,326,21.88,46.98
13:30:05,327,21.88,47.03
13:30:08,328,21.88,47.11
13:30:11,329,21.86,47.18
13:30:15,330,21.85,47.25
13:30:18,331,21.88,47.29
13:30:21,332,21.86,47.32
13:30:24,333,21.86,47.34
13:30:27,334,21.88,47.35
13:30:30,335,21.89,47.46
13:30:33,336,21.88,47.57
13:30:36,337,21.89,47.77
13:30:39,338,21.86,48.03
13:30:42,339,21.89,48.1
13:30:45,340,21.86,48.12
13:30:48,341,21.86,48.13
13:30:51,342,21.85,48.23
13:30:55,343,21.88,48.24
13:30:57,344,21.88,48.24
13:31:00,345,21.88,48.31
13:31:03,346,21.88,48.37
13:31:07,347,21.89,48.31
13:31:10,348,21.86,48.37
13:31:13,349,21.86,48.33
13:31:16,350,21.88,48.32
13:31:19,351,21.86,48.34
13:31:22,352,21.86,48.34
13:31:25,353,21.88,48.34
13:31:28,354,21.88,48.33
13:31:31,355,21.88,48.33
13:31:34,356,21.85,48.3
13:31:37,357,21.83,48.33
13:31:40,358,21.86,48.39
13:31:43,359,21.83,48.35
13:31:46,360,21.86,48.37
13:31:49,361,21.86,48.37
13:31:52,362,21.86,48.39
13:31:55,363,21.85,48.33
13:31:58,364,21.86,48.36
13:32:01,365,21.85,48.37
13:32:05,366,21.83,48.4
13:32:08,367,21.85,48.42
13:32:11,368,21.82,48.42
13:32:14,369,21.83,48.42
13:32:17,370,21.85,48.47
13:32:20,371,21.82,48.57
13:32:23,372,21.85,48.59
13:32:26,373,21.82,48.64
13:32:29,374,21.8,48.56
13:32:32,375,21.82,48.66
13:32:35,376,21.8,48.65
13:32:38,377,21.82,48.63
13:32:41,378,21.82,48.6
13:32:44,379,21.8,48.59
13:32:47,380,21.8,48.52
13:32:51,381,21.8,48.47
13:32:53,382,21.8,48.41
13:32:56,383,21.76,48.19
13:32:59,384,21.83,47.99
13:33:02,385,21.79,47.71
13:33:06,386,21.83,47.61
13:33:08,387,21.79,47.53
13:33:12,388,21.79,47.44
13:33:15,389,21.78,47.32
13:33:18,390,21.79,47.26
13:33:21,391,21.78,47.22
13:33:24,392,21.8,47.27
13:33:27,393,21.78,47.34
13:33:30,394,21.78,47.37
13:33:33,395,21.78,47.34
13:33:36,396,21.78,47.39
13:33:39,397,21.8,47.41
13:33:42,398,21.79,47.53
13:33:45,399,21.79,47.54
13:33:48,400,21.79,47.59
13:33:51,401,21.78,47.57
13:33:54,402,21.78,47.65
13:33:57,403,21.78,47.62
13:34:00,404,21.79,47.56
13:34:03,405,21.79,47.55
13:34:07,406,21.8,47.54
13:34:09,407,21.79,47.57
13:34:12,408,21.79,47.6
13:34:16,409,21.78,47.56
13:34:19,410,21.78,47.56
13:34:22,411,21.78,47.57
13:34:25,412,21.79,47.55
13:34:28,413,21.78,47.57
13:34:31,414,21.78,47.54
13:34:34,415,21.79,47.56
13:34:37,416,21.78,47.52
13:34:40,417,21.78,47.52
13:34:43,418,21.76,47.46
13:34:46,419,21.78,47.42
13:34:49,420,21.76,47.41
13:34:52,421,21.73,47.4
13:34:55,422,21.76,47.36
13:34:58,423,21.76,47.37
13:35:01,424,21.76,47.38
13:35:04,425,21.75,47.4
13:35:07,426,21.76,47.46
13:35:10,427,21.78,47.48
13:35:13,428,21.73,47.47
13:35:16,429,21.78,47.49
13:35:19,430,21.76,47.47
13:35:22,431,21.75,47.57
13:35:25,432,21.72,47.56
13:35:28,433,21.75,47.5
13:35:31,434,21.73,47.47
13:35:34,435,21.73,47.47
13:35:37,436,21.73,47.45
13:35:40,437,21.73,47.42
13:35:43,438,21.73,47.35
13:35:46,439,21.72,47.26
13:35:49,440,21.72,47.17
13:35:53,441,21.75,47.05
13:35:56,442,21.72,47.07
13:35:58,443,21.72,47.02
13:36:02,444,21.72,47.05
13:36:05,445,21.72,47.01
13:36:08,446,21.69,46.92
13:36:11,447,21.7,46.89
13:36:14,448,21.72,46.84
13:36:17,449,21.7,46.81
13:36:20,450,21.7,46.8
13:36:23,451,21.72,46.84
13:36:26,452,21.69,46.71
13:36:29,453,21.69,46.78
13:36:32,454,21.7,46.76
13:36:35,455,21.67,46.75
13:36:38,456,21.69,46.74
13:36:42,457,21.7,46.66
13:36:45,458,21.69,46.62
13:36:47,459,21.67,46.53
13:36:51,460,21.67,46.46
13:36:54,461,21.66,46.39
13:36:57,462,21.67,46.36
13:37:00,463,21.67,46.33
13:37:03,464,21.67,46.2
13:37:06,465,21.66,46.19
13:37:09,466,21.66,46.11
13:37:12,467,21.66,46.12
13:37:15,468,21.63,46.04
13:37:18,469,21.65,45.89
13:37:21,470,21.63,45.91
13:37:24,471,21.65,45.93
13:37:27,472,21.66,45.97
13:37:30,473,21.66,46.01
13:37:33,474,21.66,46.01
13:37:36,475,21.63,46.08
13:37:40,476,21.65,46.13
13:37:43,477,21.62,46.18
13:37:45,478,21.66,46.26
13:37:48,479,21.65,46.37
13:37:51,480,21.63,46.35
13:37:54,481,21.63,46.37
13:37:58,482,21.65,46.42
13:38:01,483,21.65,46.45
13:38:04,484,21.63,46.45
13:38:07,485,21.66,46.47
13:38:10,486,21.63,46.55
13:38:13,487,21.65,46.66
13:38:16,488,21.62,46.69
13:38:19,489,21.63,46.76
13:38:22,490,21.65,46.76
13:38:25,491,21.66,46.76
13:38:28,492,21.65,46.64
13:38:31,493,21.63,46.62
13:38:35,494,21.66,46.58
13:38:37,495,21.65,46.56
13:38:40,496,21.66,46.54
13:38:43,497,21.66,46.62
13:38:46,498,21.66,46.64
13:38:49,499,21.67,46.59
13:38:52,500,21.66,46.58
13:38:56,501,21.66,46.56
13:38:58,502,21.67,46.58
13:39:02,503,21.67,46.62
13:39:05,504,21.7,46.67
13:39:08,505,21.72,47.0
13:39:11,506,21.7,47.21
13:39:14,507,21.73,47.26
13:39:17,508,21.72,47.25
13:39:20,509,21.75,47.24
13:39:23,510,21.75,47.24
13:39:26,511,21.76,47.19
13:39:29,512,27.24,63.8
13:39:33,513,27.55,81.63
13:39:35,514,26.34,88.48
13:39:38,515,28.21,92.05
13:39:41,516,26.7,93.24
13:39:44,517,25.93,93.95
13:39:48,518,25.43,94.39
13:39:50,519,24.95,94.7
13:39:53,520,24.57,94.93
13:39:56,521,24.26,93.9
13:40:00,522,23.99,88.02
13:40:02,523,23.8,81.9
13:40:06,524,23.62,76.85
13:40:09,525,23.5,74.91
13:40:12,526,23.41,73.63
13:40:15,527,23.28,72.05
13:40:18,528,23.18,70.08
13:40:21,529,23.09,68.2
13:40:24,530,23.02,65.83
13:40:27,531,22.98,63.3
13:40:30,532,22.91,61.24
13:40:33,533,22.84,59.74
13:40:36,534,22.78,58.78
13:40:39,535,22.74,55.18
13:40:42,536,22.69,53.36
13:40:45,537,22.65,53.03
13:40:48,538,22.6,51.81
13:40:51,539,22.58,50.59
13:40:54,540,22.51,49.98
13:40:57,541,22.5,49.41
13:41:00,542,22.5,49.31
13:41:04,543,22.47,49.22
13:41:06,544,22.47,49.21
13:41:09,545,22.47,49.31
13:41:13,546,22.44,49.16
13:41:16,547,22.43,48.9
13:41:19,548,22.4,48.66
13:41:22,549,22.43,48.64
13:41:25,550,22.37,48.52
13:41:27,551,22.39,48.44
13:41:31,552,22.4,48.4
13:41:34,553,22.39,48.3
13:41:37,554,22.37,48.13
13:41:40,555,22.34,48.11
13:41:43,556,22.36,48.18
13:41:46,557,22.34,48.31
13:41:49,558,22.34,48.26
13:41:52,559,22.34,48.07
13:41:55,560,22.32,47.94
13:41:58,561,22.33,47.78
13:42:01,562,22.3,47.62
13:42:04,563,22.32,47.6
13:42:07,564,22.29,47.5
13:42:10,565,22.27,47.19
13:42:13,566,22.24,47.02
13:42:17,567,22.25,46.79
13:42:19,568,22.24,46.8
13:42:22,569,22.23,46.84
13:42:25,570,22.21,46.9
13:42:28,571,22.21,46.85
13:42:32,572,22.18,46.84
13:42:35,573,22.17,47.04
13:42:38,574,22.18,47.21
13:42:41,575,22.16,47.38
13:42:44,576,22.17,47.54
13:42:47,577,22.16,47.63
13:42:50,578,22.14,47.75
13:42:53,579,22.14,47.88
13:42:56,580,22.14,47.9
13:42:59,581,22.13,47.91
13:43:02,582,22.13,47.9
13:43:05,583,22.1,47.93
13:43:09,584,22.13,47.84
13:43:11,585,22.13,47.66
13:43:14,586,22.13,47.42
13:43:17,587,22.12,46.99
13:43:20,588,22.1,46.66
13:43:23,589,22.09,46.45
13:43:26,590,22.09,46.41
13:43:29,591,22.09,46.36
13:43:32,592,22.09,46.25
13:43:35,593,22.09,46.26
13:43:39,594,22.07,46.27
13:43:42,595,22.07,46.25
13:43:45,596,22.1,46.33
13:43:48,597,22.1,46.32
13:43:51,598,22.07,46.34
13:43:54,599,22.12,46.23
13:43:57,600,22.1,46.1
13:44:00,601,22.09,46.11
13:44:03,602,22.07,46.14
13:44:06,603,22.09,46.15
13:44:09,604,22.07,46.11
13:44:13,605,22.1,46.05
13:44:15,606,22.1,46.16
13:44:18,607,22.1,46.34
13:44:22,608,22.1,46.33
13:44:24,609,22.12,46.26
13:44:27,610,22.1,46.18
13:44:30,611,22.13,45.84
13:44:33,612,22.09,45.77
13:44:36,613,22.07,45.67
13:44:40,614,22.12,45.56
13:44:42,615,22.1,45.61
13:44:45,616,22.12,45.64
13:44:48,617,22.12,45.68
13:44:52,618,22.16,45.75
13:44:54,619,22.16,45.77
13:44:58,620,22.17,45.78
13:45:00,621,22.17,45.82
13:45:04,622,22.18,45.73
13:45:07,623,22.18,45.72
13:45:10,624,22.2,45.72
13:45:13,625,22.2,45.63
13:45:16,626,22.23,45.55
13:45:19,627,22.25,45.52
13:45:22,628,22.25,45.46
13:45:25,629,22.27,45.49
13:45:28,630,22.25,45.46
13:45:31,631,22.3,45.44
13:45:34,632,22.32,45.39
13:45:37,633,22.3,45.32
13:45:41,634,22.3,45.27
13:45:43,635,22.32,45.27
13:45:46,636,22.36,45.26
13:45:49,637,22.34,45.26
13:45:53,638,22.34,45.22
13:45:56,639,22.34,45.21
13:45:59,640,22.36,45.23
13:46:02,641,22.39,45.26
13:46:05,642,22.36,45.29
13:46:08,643,22.37,45.33
13:46:11,644,22.4,45.3
13:46:14,645,22.37,45.38
13:46:17,646,22.39,45.32
13:46:20,647,22.41,45.38
13:46:23,648,22.39,45.37
13:46:26,649,22.41,45.17
13:46:29,650,22.4,45.12
13:46:32,651,22.4,45.09
13:46:35,652,22.41,45.01
13:46:38,653,22.43,44.92
13:46:41,654,22.43,44.9
13:46:44,655,22.43,44.92
13:46:47,656,22.43,44.88
13:46:50,657,22.43,44.85
13:46:53,658,22.44,44.83
13:46:56,659,22.41,44.85
13:46:59,660,22.44,44.8
13:47:02,661,22.44,44.87
13:47:06,662,22.45,44.88
13:47:09,663,22.44,44.91
13:47:11,664,22.47,44.89
13:47:14,665,22.45,45.05
13:47:18,666,22.45,45.06
13:47:21,667,22.43,45.09
13:47:24,668,22.45,45.18
13:47:27,669,22.45,45.31
13:47:30,670,22.45,45.33
13:47:33,671,22.47,45.28
13:47:36,672,22.45,45.25
13:47:39,673,22.47,45.18
13:47:42,674,22.48,45.27
13:47:45,675,22.47,45.34
13:47:48,676,22.45,45.41
13:47:51,677,22.48,45.51
13:47:54,678,22.48,45.57
13:47:57,679,22.45,45.54
13:48:01,680,22.45,45.61
13:48:03,681,22.48,45.65
13:48:07,682,22.45,45.65
13:48:10,683,22.47,45.71
13:48:13,684,22.5,45.72
13:48:16,685,22.48,45.72
13:48:19,686,22.48,45.81
13:48:22,687,22.48,45.96
13:48:25,688,22.47,46.0
13:48:28,689,22.51,46.07
13:48:31,690,22.48,46.04
13:48:34,691,22.5,46.14
13:48:37,692,22.48,46.14
13:48:40,693,22.45,46.22
13:48:43,694,22.45,46.48
13:48:46,695,22.47,46.58
13:48:49,696,22.45,46.57
13:48:52,697,22.47,46.55
13:48:55,698,22.43,46.61
13:48:59,699,22.43,46.86
13:49:01,700,22.44,46.98
13:49:04,701,22.41,47.04
13:49:07,702,22.43,47.07
13:49:10,703,28.48,69.61
13:49:14,704,27.63,84.14
13:49:16,705,26.52,89.78
13:49:19,706,29.05,92.87
13:49:23,707,27.65,93.83
13:49:25,708,26.77,84.19
13:49:28,709,26.03,73.03
13:49:32,710,25.49,66.64
13:49:35,711,25.02,63.67
13:49:38,712,24.61,58.8
13:49:41,713,24.34,58.65
13:49:44,714,24.12,59.12
13:49:47,715,23.93,58.01
13:49:50,716,23.77,56.06
13:49:53,717,23.63,55.27
13:49:56,718,23.53,54.42
13:49:59,719,23.41,53.29
13:50:02,720,23.32,52.45
13:50:06,721,23.22,51.37
13:50:08,722,23.14,50.37
13:50:11,723,23.04,48.96
13:50:14,724,22.95,47.04
13:50:17,725,22.92,46.43
13:50:20,726,22.87,45.96
13:50:24,727,22.83,46.04
13:50:27,728,22.78,46.06
13:50:30,729,22.77,46.33
13:50:33,730,22.69,46.55
13:50:35,731,22.68,46.57
13:50:39,732,22.64,46.54
13:50:42,733,22.65,46.33
13:50:45,734,22.64,46.33
13:50:48,735,22.6,46.24
13:50:51,736,22.6,46.27
13:50:54,737,22.57,46.4
13:50:57,738,22.57,46.38
13:51:00,739,22.54,46.43
13:51:03,740,22.54,46.38
13:51:07,741,22.53,46.39
13:51:09,742,22.5,46.29
13:51:13,743,22.5,46.18
13:51:15,744,22.47,45.92
13:51:18,745,22.47,45.8
13:51:21,746,22.47,45.8
13:51:25,747,22.45,45.76
13:51:28,748,22.43,45.63
13:51:31,749,22.41,45.48
13:51:33,750,22.41,45.51
13:51:37,751,22.41,45.51
13:51:39,752,22.41,45.45
13:51:42,753,22.37,45.36
13:51:46,754,22.37,45.28
13:51:49,755,22.34,45.04
13:51:52,756,22.33,44.9
13:51:55,757,22.32,44.85
13:51:58,758,22.29,44.82
13:52:01,759,22.3,44.94
13:52:04,760,22.25,45.05
13:52:07,761,22.25,45.1
13:52:10,762,22.27,45.08
13:52:13,763,22.24,45.17
13:52:16,764,22.25,45.15
13:52:19,765,22.27,45.08
13:52:22,766,22.24,45.03
13:52:25,767,22.21,45.03
13:52:28,768,22.23,45.04
13:52:31,769,22.23,44.96
13:52:35,770,22.21,44.91
13:52:38,771,22.2,44.88
13:52:40,772,22.18,44.81
13:52:43,773,22.14,44.77
13:52:47,774,22.16,44.76
13:52:50,775,22.12,44.71
13:52:53,776,22.1,44.64
13:52:56,777,22.07,44.51
13:52:59,778,22.1,44.6
13:53:02,779,22.06,44.68
13:53:06,780,22.06,44.72
13:53:08,781,22.07,44.73
13:53:11,782,22.06,44.74
13:53:15,783,22.06,44.78
13:53:17,784,22.03,44.83
13:53:20,785,22.06,44.87
13:53:23,786,22.04,44.85
13:53:26,787,22.06,44.88
13:53:29,788,22.04,44.82
13:53:32,789,22.03,44.82
13:53:35,790,22.04,44.76
13:53:38,791,22.02,44.76
13:53:41,792,22.02,44.74
13:53:44,793,22.02,44.73
13:53:48,794,22.02,44.74
13:53:50,795,22.0,44.79
13:53:54,796,21.99,44.81
13:53:57,797,22.0,44.7
13:54:00,798,21.99,44.62
13:54:03,799,21.99,44.58
13:54:06,800,21.97,44.59
13:54:09,801,21.99,44.67
13:54:12,802,21.96,44.68
13:54:15,803,21.96,44.66
13:54:18,804,21.94,44.6
13:54:21,805,21.96,44.6
13:54:24,806,21.96,44.59
13:54:27,807,21.96,44.59
13:54:30,808,21.94,44.59
13:54:33,809,21.92,44.55
13:54:36,810,21.94,44.54
13:54:39,811,21.92,44.57
13:54:42,812,21.93,44.62
13:54:45,813,21.93,44.65
13:54:48,814,21.9,44.69
13:54:51,815,21.92,44.69
13:54:54,816,21.9,44.74
13:54:58,817,21.92,44.75
13:55:00,818,21.88,44.82
13:55:03,819,21.9,44.83
13:55:06,820,21.89,44.83
13:55:10,821,21.9,44.86
13:55:13,822,21.9,44.85
13:55:16,823,21.9,44.89
13:55:19,824,21.9,44.94
13:55:22,825,21.9,44.95
13:55:25,826,21.92,44.78
13:55:28,827,21.92,44.66
13:55:31,828,21.88,44.56
13:55:34,829,21.89,44.46
13:55:37,830,21.89,44.36
13:55:40,831,21.9,44.27
13:55:43,832,21.89,44.29
13:55:46,833,21.92,44.36
13:55:49,834,21.89,44.47
13:55:52,835,21.9,44.43
13:55:55,836,21.89,44.46
13:55:58,837,21.9,44.43
13:56:01,838,21.9,44.45
13:56:05,839,21.89,44.38
13:56:08,840,21.9,44.34
13:56:11,841,21.92,44.29
13:56:14,842,21.9,44.27
13:56:17,843,21.9,44.23
13:56:20,844,21.89,44.17
13:56:23,845,21.88,44.16
13:56:26,846,21.89,44.18
13:56:29,847,21.88,44.17
13:56:32,848,21.9,44.21
13:56:35,849,21.89,44.19
13:56:38,850,21.9,44.45
13:56:41,851,21.89,44.57
13:56:44,852,21.89,44.74
13:56:47,853,21.89,44.77
13:56:50,854,21.89,44.82
13:56:54,855,21.9,45.2
13:56:56,856,21.89,45.41
13:56:59,857,21.89,45.51
13:57:02,858,21.88,45.65
13:57:05,859,21.9,45.72
13:57:09,860,21.9,45.62
13:57:11,861,21.9,45.69
13:57:14,862,21.89,45.82
13:57:18,863,21.92,45.89
13:57:20,864,21.92,46.0
13:57:23,865,21.89,45.99
13:57:27,866,21.89,46.09
13:57:30,867,21.92,46.24
13:57:33,868,21.9,46.21
13:57:36,869,21.92,46.25
13:57:39,870,21.9,46.21
13:57:42,871,21.9,46.28
13:57:45,872,21.9,46.31
13:57:48,873,21.9,46.33
13:57:51,874,21.9,46.41
13:57:54,875,21.92,46.44
13:57:57,876,21.92,46.2
13:58:00,877,21.93,46.04
13:58:03,878,21.89,46.06
13:58:06,879,21.92,46.06
13:58:10,880,21.92,45.95
13:58:12,881,21.93,45.84
13:58:15,882,21.92,45.79
13:58:18,883,21.93,45.78
13:58:22,884,21.92,45.74
13:58:25,885,21.93,45.73
13:58:28,886,21.93,45.71
13:58:31,887,21.93,45.78
13:58:34,888,21.94,45.82
13:58:37,889,21.94,45.93
13:58:40,890,21.93,45.97
13:58:43,891,21.93,46.0
13:58:46,892,21.93,45.97
13:58:49,893,21.94,45.92
13:58:52,894,21.93,45.97
13:58:55,895,21.93,46.01
13:58:58,896,21.94,46.07
13:59:01,897,21.96,46.17
13:59:04,898,21.97,46.34
13:59:07,899,21.94,46.46
13:59:11,900,21.94,46.53
13:59:13,901,21.94,46.56
13:59:16,902,21.94,46.49
13:59:19,903,21.94,46.94
13:59:23,904,21.96,47.07
13:59:26,905,21.96,47.04
13:59:28,906,21.94,47.04
13:59:32,907,21.96,46.92
13:59:34,908,21.96,46.97
13:59:38,909,21.97,46.9
13:59:41,910,21.97,46.84
13:59:44,911,21.94,46.83
13:59:47,912,21.96,46.73
13:59:50,913,21.96,46.66
13:59:53,914,21.96,46.58
13:59:56,915,21.94,46.46
13:59:59,916,21.93,46.42
14:00:02,917,21.96,46.38
14:00:05,918,21.93,46.29
14:00:08,919,21.94,46.26
14:00:11,920,21.96,46.15
14:00:14,921,21.94,46.08
14:00:18,922,21.93,45.88
14:00:20,923,21.92,45.69
14:00:23,924,21.93,45.49
14:00:26,925,21.93,45.43
14:00:30,926,21.93,45.39
14:00:32,927,21.93,45.37
14:00:35,928,21.93,45.31
14:00:39,929,21.93,45.27
14:00:42,930,21.92,45.26
14:00:45,931,21.93,45.27
14:00:48,932,21.92,45.25
14:00:51,933,21.92,45.22
14:00:54,934,21.9,45.21
14:00:57,935,21.94,45.16
14:01:00,936,21.92,45.08
14:01:03,937,21.92,45.07
14:01:06,938,21.92,45.06
14:01:09,939,21.9,45.01
14:01:12,940,21.89,44.85
14:01:15,941,21.9,44.79
14:01:18,942,21.9,44.57
14:01:21,943,21.9,44.0
14:01:24,944,21.88,43.82
14:01:27,945,21.86,43.86
14:01:30,946,21.9,43.83
14:01:33,947,21.92,43.76
14:01:36,948,21.88,43.69
14:01:40,949,21.88,43.65
14:01:42,950,21.88,43.42
14:01:46,951,21.86,43.02
14:01:49,952,21.86,42.73
14:01:52,953,21.83,42.73
14:01:54,954,21.85,42.81
14:01:58,955,21.82,42.8
14:02:02,956,21.83,42.77
14:02:04,957,21.85,42.78
14:02:07,958,21.8,42.77
14:02:10,959,21.83,42.57
14:02:13,960,21.82,42.63
14:02:16,961,21.8,42.71
14:02:19,962,21.82,42.78
14:02:22,963,21.8,42.78
14:02:25,964,21.79,42.5
14:02:28,965,21.79,42.36
14:02:31,966,21.76,42.44
14:02:35,967,21.76,42.49
14:02:37,968,21.75,42.5
14:02:40,969,21.76,42.5
14:02:43,970,21.76,42.51
14:02:46,971,21.76,42.54
14:02:50,972,21.76,42.58
14:02:52,973,21.75,42.66
14:02:56,974,21.78,42.66
14:02:58,975,21.78,42.67
14:03:02,976,21.78,42.67
14:03:05,977,21.78,42.7
14:03:08,978,21.78,42.74
14:03:13,979,21.8,42.7
14:03:14,980,21.79,42.62
14:03:17,981,21.79,42.65
14:03:20,982,21.79,42.57
14:03:23,983,21.8,42.6
14:03:26,984,21.8,42.54
14:03:29,985,21.82,42.52
14:03:32,986,21.83,42.52
14:03:35,987,21.8,42.49
14:03:38,988,21.79,42.48
14:03:41,989,21.8,42.4
14:03:44,990,21.82,42.37
14:03:47,991,21.82,42.37
14:03:50,992,21.82,42.39
14:03:53,993,21.8,42.39
14:03:56,994,21.82,42.39
14:04:00,995,21.82,42.44
14:04:02,996,21.83,42.39
14:04:05,997,21.85,42.34
14:04:09,998,21.85,42.35
14:04:11,999,21.83,42.41
14:04:15,1000,21.85,42.42
14:04:18,1001,21.85,42.46
14:04:21,1002,21.88,42.5
14:04:24,1003,21.83,42.46
14:04:27,1004,21.86,42.45
14:04:30,1005,21.88,42.46
14:04:33,1006,21.88,42.47
14:04:36,1007,21.88,42.58
14:04:39,1008,21.89,42.66
14:04:42,1009,21.88,42.75
14:04:45,1010,21.89,43.02
14:04:48,1011,21.9,43.12
14:04:51,1012,21.86,43.12
14:04:54,1013,21.89,43.17
14:04:57,1014,21.89,43.19
14:05:00,1015,21.89,43.24
14:05:04,1016,21.9,43.25
14:05:06,1017,21.89,43.28
14:05:10,1018,21.89,43.24
14:05:12,1019,21.92,43.33
14:05:15,1020,21.93,43.35
14:05:18,1021,21.9,43.46
14:05:22,1022,21.9,43.47
14:05:25,1023,21.94,43.63
14:05:28,1024,21.96,43.96
14:05:31,1025,21.96,44.05
14:05:34,1026,21.97,43.95
14:05:37,1027,21.96,43.91
14:05:40,1028,21.99,43.86
14:05:43,1029,21.99,43.85
14:05:46,1030,21.99,43.85
14:05:49,1031,22.0,43.85
14:05:52,1032,22.03,43.9
14:05:55,1033,22.02,43.85
14:05:58,1034,22.0,43.82
14:06:01,1035,22.03,43.89
14:06:04,1036,22.04,44.17
14:06:07,1037,22.02,44.25
14:06:10,1038,22.04,44.29
14:06:13,1039,22.04,44.33
14:06:16,1040,22.04,44.34
14:06:19,1041,22.06,44.43
14:06:22,1042,22.06,44.42
14:06:25,1043,22.07,44.48
14:06:28,1044,22.06,44.48
14:06:31,1045,22.07,44.52
14:06:35,1046,22.07,44.52
14:06:38,1047,22.1,44.47
14:06:41,1048,22.12,44.49
14:06:44,1049,22.09,44.44
14:06:47,1050,22.1,44.45
14:06:50,1051,22.09,44.46
14:06:53,1052,22.1,44.42
14:06:56,1053,22.09,44.5
14:06:59,1054,22.12,44.51
14:07:02,1055,22.1,44.52
14:07:05,1056,22.1,44.58
14:07:08,1057,22.09,44.56
14:07:11,1058,22.12,44.5
14:07:14,1059,22.12,44.5
14:07:17,1060,22.1,44.51
14:07:20,1061,22.12,44.6
14:07:23,1062,22.13,44.6
14:07:26,1063,22.12,44.65
14:07:29,1064,22.14,44.65
14:07:32,1065,22.13,44.65
14:07:36,1066,22.13,44.31
14:07:39,1067,22.12,44.2
14:07:41,1068,22.13,44.16
14:07:44,1069,22.14,44.09
14:07:47,1070,22.13,43.99
14:07:50,1071,22.14,43.89
14:07:54,1072,22.14,43.73
14:07:57,1073,22.13,43.44
14:08:00,1074,22.13,43.29
14:08:03,1075,22.14,43.23
14:08:06,1076,22.13,43.26
14:08:09,1077,22.14,43.22
14:08:12,1078,22.13,43.02
14:08:15,1079,22.14,42.85
14:08:18,1080,22.13,42.88
14:08:21,1081,22.16,42.84
14:08:24,1082,22.14,42.83
14:08:27,1083,22.13,42.77
14:08:30,1084,22.14,42.64
14:08:33,1085,22.16,42.56
14:08:36,1086,22.14,42.5
14:08:39,1087,22.18,42.46
14:08:43,1088,22.16,42.41
14:08:45,1089,22.14,42.36
14:08:48,1090,22.16,42.35
14:08:51,1091,22.16,42.29
14:08:55,1092,22.16,42.31
14:08:58,1093,22.16,42.28
14:09:01,1094,22.17,42.28
14:09:04,1095,22.14,42.3
14:09:07,1096,22.16,42.33
14:09:10,1097,22.16,42.35
14:09:13,1098,22.17,42.24
14:09:16,1099,22.18,42.23
14:09:19,1100,22.16,42.19
14:09:22,1101,22.14,42.12
14:09:25,1102,22.14,42.05
14:09:28,1103,22.16,42.02
14:09:31,1104,22.14,41.97
14:09:34,1105,22.14,41.92
14:09:37,1106,22.16,41.95
14:09:40,1107,22.14,41.93
14:09:43,1108,22.13,41.99
14:09:46,1109,22.14,42.01
14:09:49,1110,22.17,42.02
14:09:52,1111,22.16,42.07
14:09:56,1112,22.16,42.0
14:09:58,1113,22.17,42.03
14:10:02,1114,22.17,42.01
14:10:05,1115,22.16,42.0
14:10:07,1116,22.17,41.97
14:10:11,1117,22.18,41.97
14:10:14,1118,22.17,42.02
14:10:17,1119,22.17,42.06
14:10:20,1120,22.17,42.05
14:10:23,1121,22.17,42.02
14:10:26,1122,22.17,42.08
14:10:29,1123,22.17,42.05
14:10:33,1124,22.18,42.05
14:10:35,1125,22.18,42.06
14:10:38,1126,22.18,42.12
14:10:41,1127,22.2,42.06
14:10:44,1128,22.18,42.16
14:10:47,1129,22.18,42.1
14:10:50,1130,22.18,42.1
14:10:53,1131,22.18,42.09
14:10:56,1132,22.2,42.1
14:10:59,1133,22.21,42.13
14:11:02,1134,22.2,42.09
14:11:06,1135,22.2,42.17
14:11:09,1136,22.2,42.21
14:11:11,1137,22.18,42.3
14:11:15,1138,22.21,42.43
14:11:17,1139,22.21,42.47
14:11:21,1140,22.2,42.66
14:11:25,1141,22.21,42.67
14:11:27,1142,22.21,42.73
14:11:30,1143,22.21,42.8
14:11:33,1144,22.21,42.89
14:11:36,1145,22.2,42.88
14:11:39,1146,22.2,42.84
14:11:42,1147,22.2,42.83
14:11:45,1148,22.18,42.88
14:11:48,1149,22.21,42.89
14:11:51,1150,22.17,42.85
14:11:54,1151,22.18,42.88
14:11:57,1152,22.16,42.88
14:12:00,1153,22.17,42.95
14:12:04,1154,22.18,43.0
14:12:07,1155,22.17,43.04
14:12:09,1156,22.16,43.06
14:12:12,1157,22.17,42.99
14:12:15,1158,22.14,42.91
14:12:19,1159,22.16,42.8
14:12:21,1160,22.16,42.79
14:12:25,1161,22.14,42.7
14:12:28,1162,22.13,42.68
14:12:31,1163,22.14,42.66
14:12:34,1164,22.14,42.66
14:12:37,1165,22.13,42.63
14:12:40,1166,22.14,42.6
14:12:43,1167,22.12,42.58
14:12:46,1168,22.14,42.61
14:12:49,1169,22.13,42.62
14:12:52,1170,22.13,42.61
14:12:55,1171,22.12,42.7
14:12:59,1172,22.12,42.73
14:13:01,1173,22.13,42.84
14:13:04,1174,22.13,42.88
14:13:07,1175,22.14,42.92
14:13:10,1176,22.13,42.9
14:13:14,1177,22.13,42.86
14:13:17,1178,22.12,42.84
14:13:20,1179,26.1,51.11
14:13:23,1180,28.24,76.23
14:13:25,1181,29.97,87.56
14:13:28,1182,28.74,91.51
14:13:31,1183,27.63,93.18
14:13:35,1184,26.95,89.54
14:13:38,1185,26.28,79.17
14:13:41,1186,25.7,73.88
14:13:44,1187,25.15,70.65
14:13:47,1188,24.75,66.51
14:13:53,1189,24.38,62.81
14:14:00,1190,24.09,61.06
14:14:00,1191,23.84,58.83
14:14:00,1192,23.62,57.4
14:14:02,1193,23.48,56.0
14:14:05,1194,23.26,52.54
14:14:08,1195,23.09,51.23
14:14:11,1196,22.99,51.24
14:14:14,1197,22.91,50.74
14:14:18,1198,22.85,50.26
14:14:21,1199,22.79,49.48
14:14:23,1200,22.77,48.96
14:14:26,1201,22.72,48.53
14:14:29,1202,22.68,47.99
14:14:32,1203,22.65,47.22
14:14:36,1204,22.64,46.5
14:14:38,1205,22.63,46.1
14:14:41,1206,22.64,45.83
14:14:45,1207,22.58,45.53
14:14:48,1208,22.58,45.21
14:14:51,1209,22.58,44.91
14:14:54,1210,22.57,44.66
14:14:57,1211,22.58,44.48
14:15:00,1212,22.55,44.13
14:15:03,1213,22.57,43.92
14:15:06,1214,22.54,43.79
14:15:09,1215,22.53,43.54
14:15:12,1216,22.53,43.37
14:15:15,1217,22.51,43.4
14:15:18,1218,22.53,43.41
14:15:21,1219,22.53,43.38
14:15:24,1220,22.53,43.33
14:15:27,1221,22.53,43.24
14:15:30,1222,22.53,43.21
14:15:33,1223,22.53,43.11
14:15:36,1224,22.51,42.95
14:15:39,1225,22.5,42.91
14:15:44,1226,22.48,42.88
14:15:45,1227,22.5,42.86
14:15:49,1228,22.5,42.77
14:15:52,1229,22.47,42.78
14:15:55,1230,22.47,42.79
14:15:58,1231,22.45,42.84
14:16:01,1232,22.45,42.9
14:16:04,1233,22.48,42.87
14:16:07,1234,22.44,42.84
14:16:10,1235,22.45,42.87
14:16:13,1236,22.44,42.81
14:16:16,1237,22.44,42.74
14:16:19,1238,22.4,42.71
14:16:22,1239,22.41,42.79
14:16:26,1240,22.37,42.79
14:16:28,1241,22.39,42.74
14:16:31,1242,22.39,42.63
14:16:34,1243,22.39,42.49
14:16:38,1244,22.37,42.3
14:16:40,1245,22.39,42.26
14:16:44,1246,22.4,42.36
14:16:47,1247,22.4,42.26
14:16:49,1248,22.39,42.29
14:16:53,1249,22.4,42.31
14:16:56,1250,22.39,42.32
14:16:59,1251,22.37,42.35
14:17:03,1252,22.39,42.35
14:17:05,1253,22.39,42.36
14:17:09,1254,22.39,42.27
14:17:11,1255,22.4,42.28
14:17:14,1256,22.39,42.27
14:17:17,1257,22.37,42.22
14:17:20,1258,22.36,42.21
14:17:23,1259,22.34,42.33
14:17:26,1260,22.37,42.5
14:17:31,1261,22.34,42.61
14:17:32,1262,22.34,42.66
14:17:35,1263,22.36,42.79
14:17:38,1264,22.34,42.89
14:17:41,1265,22.34,42.95
14:17:44,1266,22.33,43.05
14:17:47,1267,22.32,43.1
14:17:51,1268,22.3,43.03
14:17:54,1269,22.33,43.02
14:17:57,1270,22.36,43.09
14:18:00,1271,22.36,43.13
14:18:03,1272,22.37,43.18
14:18:06,1273,22.39,43.23
14:18:09,1274,22.39,43.26
14:18:12,1275,22.39,43.25
14:18:15,1276,22.4,43.33
14:18:18,1277,22.4,43.34
14:18:21,1278,22.39,43.34
14:18:24,1279,22.41,43.35
14:18:27,1280,22.4,43.35
14:18:30,1281,22.41,43.35
14:18:33,1282,22.4,43.28
14:18:36,1283,22.4,43.28
14:18:39,1284,22.4,43.19
14:18:42,1285,22.39,43.22
14:18:45,1286,22.4,43.21
14:18:48,1287,22.39,43.27
14:18:52,1288,22.39,43.35
14:18:54,1289,22.39,43.31
14:18:57,1290,22.37,43.24
14:19:01,1291,22.36,43.15
14:19:04,1292,22.39,43.11
14:19:06,1293,22.34,43.19
14:19:11,1294,22.34,43.12
14:19:12,1295,22.39,43.09
14:19:16,1296,22.36,42.96
14:19:19,1297,22.39,42.83
14:19:22,1298,22.37,42.67
14:19:25,1299,22.36,42.5
14:19:28,1300,22.37,42.45
14:19:31,1301,22.36,42.31
14:19:34,1302,22.36,42.2
14:19:37,1303,22.36,42.16
14:19:40,1304,22.36,42.17
14:19:43,1305,22.37,42.12
14:19:46,1306,22.39,42.02
14:19:49,1307,22.39,41.91
14:19:52,1308,22.4,41.84
14:19:55,1309,22.36,41.75
14:19:58,1310,22.37,41.7
14:20:01,1311,22.37,41.65
14:20:05,1312,22.37,41.58
14:20:07,1313,22.36,41.56
14:20:10,1314,22.34,41.47
14:20:14,1315,22.36,41.17
14:20:16,1316,22.36,41.11
14:20:19,1317,22.36,41.12
14:20:23,1318,22.33,40.96
14:20:26,1319,22.33,40.88
14:20:29,1320,22.32,40.94
14:20:32,1321,22.32,40.84
14:20:35,1322,22.3,40.73
14:20:38,1323,22.33,40.67
14:20:41,1324,22.33,40.66
14:20:44,1325,22.32,40.65
14:20:47,1326,22.3,40.58
14:20:51,1327,22.29,40.46
14:20:53,1328,22.29,40.5
14:20:56,1329,22.3,40.51
14:20:59,1330,22.32,40.57
14:21:02,1331,22.29,40.66
14:21:05,1332,22.29,40.66
14:21:08,1333,22.29,40.63
14:21:12,1334,22.27,40.59
14:21:14,1335,22.27,40.49
14:21:17,1336,22.25,40.52
14:21:20,1337,22.24,40.63
14:21:23,1338,22.21,40.66
14:21:27,1339,22.24,40.72
14:21:30,1340,22.24,40.73
14:21:33,1341,22.21,40.73
14:21:36,1342,22.23,40.7
14:21:39,1343,22.24,40.73
14:21:42,1344,22.23,40.73
14:21:45,1345,22.24,40.73
14:21:48,1346,22.25,40.76
14:21:51,1347,22.24,40.73
14:21:54,1348,22.23,40.78
14:21:57,1349,22.18,40.68
14:22:00,1350,22.2,40.7
14:22:03,1351,22.18,40.72
14:22:06,1352,22.2,40.82
14:22:09,1353,22.2,41.11
14:22:13,1354,22.21,41.13
14:22:15,1355,22.2,41.19
14:22:18,1356,22.18,41.25
14:22:21,1357,22.2,41.29
14:22:25,1358,22.2,41.36
14:22:27,1359,22.18,41.41
14:22:30,1360,22.2,41.42
14:22:33,1361,22.17,41.53
14:22:36,1362,22.14,41.56
14:22:40,1363,22.18,41.64
14:22:43,1364,22.17,41.67
14:22:46,1365,22.18,41.64
14:22:49,1366,22.18,41.62
14:22:52,1367,22.17,41.58
14:22:55,1368,22.16,41.55
14:22:58,1369,22.17,41.52
14:23:01,1370,22.16,41.54
14:23:04,1371,22.17,41.52
14:23:07,1372,22.17,41.59
14:23:10,1373,22.18,41.63
14:23:13,1374,22.16,41.81
14:23:16,1375,22.14,41.94
14:23:19,1376,22.18,42.02
14:23:22,1377,22.17,42.05
14:23:25,1378,22.17,42.12
14:23:28,1379,22.17,42.11
14:23:31,1380,22.16,42.1
14:23:34,1381,22.14,42.11
14:23:37,1382,22.16,42.09
14:23:40,1383,22.14,42.05
14:23:44,1384,22.16,42.02
14:23:47,1385,22.16,42.03
14:23:50,1386,22.16,41.94
14:23:53,1387,22.17,41.92
14:23:56,1388,22.17,41.97
14:23:59,1389,22.16,41.96
14:24:02,1390,22.16,42.05
14:24:05,1391,22.16,42.02
14:24:08,1392,22.17,42.05
14:24:11,1393,22.17,42.08
14:24:14,1394,22.13,42.11
14:24:17,1395,22.14,42.14
14:24:20,1396,22.16,42.1
14:24:23,1397,22.14,42.11
14:24:26,1398,22.14,42.05
14:24:29,1399,22.13,42.11
14:24:32,1400,22.12,42.08
14:24:35,1401,22.13,42.08
14:24:38,1402,22.13,42.03
14:24:41,1403,22.14,42.0
14:24:44,1404,22.12,42.06
14:24:47,1405,22.13,42.1
14:24:51,1406,22.13,42.23
14:24:54,1407,22.13,42.29
14:24:58,1408,22.14,42.24
14:24:59,1409,22.13,42.2
14:25:03,1410,22.13,42.2
14:25:06,1411,22.14,42.23
14:25:09,1412,22.13,42.28
14:25:12,1413,22.16,42.3
14:25:15,1414,22.17,42.25
14:25:18,1415,22.17,42.28
14:25:22,1416,22.16,42.31
14:25:24,1417,22.16,42.27
14:25:27,1418,22.17,42.35
14:25:30,1419,22.18,42.34
14:25:33,1420,22.18,42.35
14:25:36,1421,22.18,42.38
14:25:39,1422,22.18,42.39
14:25:42,1423,22.17,42.33
14:25:46,1424,22.17,42.3
14:25:48,1425,22.17,42.33
14:25:52,1426,22.18,42.28
14:25:55,1427,22.18,42.34
14:25:57,1428,22.16,42.41
14:26:01,1429,22.14,42.34
14:26:04,1430,22.16,42.38
14:26:07,1431,22.14,42.41
14:26:10,1432,22.14,42.45
14:26:13,1433,22.13,42.48
14:26:16,1434,22.16,42.56
14:26:19,1435,22.14,42.62
14:26:22,1436,22.17,42.83
14:26:25,1437,22.18,42.96
14:26:28,1438,22.2,42.95
14:26:31,1439,22.2,42.93
14:26:34,1440,22.21,42.89
14:26:37,1441,22.2,42.86
14:26:40,1442,22.21,42.88
14:26:43,1443,22.21,43.03
14:26:47,1444,22.23,43.2
14:26:49,1445,22.24,43.26
14:26:53,1446,22.25,43.17
14:26:56,1447,22.24,43.14
14:26:58,1448,22.29,43.09
14:27:02,1449,22.27,42.98
14:27:05,1450,22.25,42.93
14:27:08,1451,22.27,42.94
14:27:11,1452,22.25,42.9
14:27:14,1453,22.29,42.94
14:27:17,1454,22.29,42.98
14:27:20,1455,22.33,42.92
14:27:23,1456,22.32,42.93
14:27:26,1457,22.33,42.84
14:27:29,1458,22.32,42.71
14:27:32,1459,22.32,42.52
14:27:35,1460,22.3,42.06
14:27:38,1461,22.33,41.97
14:27:41,1462,22.32,41.98
14:27:44,1463,22.32,42.05
14:27:47,1464,22.33,42.04
14:27:50,1465,22.33,41.99
14:27:53,1466,22.33,41.97
14:27:57,1467,22.32,41.99
14:28:00,1468,22.33,42.03
14:28:03,1469,22.33,41.91
14:28:05,1470,22.32,41.72
14:28:09,1471,22.33,41.67
14:28:12,1472,22.32,41.66
14:28:15,1473,22.34,41.59
14:28:18,1474,22.32,41.55
14:28:21,1475,22.32,41.59
14:28:24,1476,22.32,41.62
14:28:27,1477,22.3,41.55
14:28:30,1478,22.34,41.53
14:28:33,1479,22.33,41.52
14:28:36,1480,22.34,41.5
14:28:39,1481,22.34,41.5
14:28:42,1482,22.33,41.42
14:28:45,1483,22.34,41.37
14:28:48,1484,22.33,41.35
14:28:52,1485,22.34,41.31
14:28:54,1486,22.33,41.35
14:28:57,1487,22.34,41.42
14:29:00,1488,22.36,41.57
14:29:03,1489,22.33,41.68
14:29:07,1490,22.32,41.78
14:29:10,1491,22.34,42.02
14:29:13,1492,22.32,42.04
14:29:16,1493,22.32,42.03
14:29:19,1494,22.33,43.26
14:29:22,1495,22.3,43.29
14:29:25,1496,22.3,42.63
14:29:28,1497,22.32,42.16
14:29:31,1498,22.32,41.81
14:29:34,1499,22.32,41.58
14:29:37,1500,22.25,41.47
14:29:40,1501,22.29,41.53
14:29:43,1502,22.27,41.51
14:29:46,1503,22.27,41.56
14:29:49,1504,22.25,41.64
14:29:54,1505,22.29,41.64
14:29:55,1506,22.27,41.68
14:29:58,1507,22.29,41.67
14:30:01,1508,22.27,41.63
14:30:06,1509,22.27,41.68
15:01:13,1586,22.67,37.97
15:01:16,1587,22.65,37.95
15:01:19,1588,22.64,37.93
15:01:23,1589,22.64,37.93
15:01:26,1590,22.64,37.94
15:01:29,1591,22.65,37.96
15:01:32,1592,22.63,37.93
15:01:35,1593,27.04,53.33
15:01:38,1594,27.41,77.69
15:01:41,1595,26.33,86.91
15:01:44,1596,25.46,90.8
15:01:47,1597,24.85,92.68
15:01:50,1598,24.23,90.69
15:01:53,1599,23.89,81.37
15:01:56,1600,23.76,71.29
15:01:59,1601,23.72,62.85
15:02:02,1602,23.7,57.72
15:02:05,1603,23.62,52.08
15:02:08,1604,23.52,46.15
15:02:12,1605,23.42,42.0
15:02:15,1606,23.39,40.19
15:02:17,1607,23.33,38.93
15:02:20,1608,23.29,38.41
15:02:24,1609,23.29,38.28
15:02:27,1610,23.25,38.38
15:02:30,1611,23.21,38.22
15:02:33,1612,23.16,38.17
15:02:36,1613,23.19,38.59
15:02:39,1614,23.21,38.56
15:02:42,1615,23.16,38.45
15:02:45,1616,23.18,38.94
15:02:48,1617,23.15,39.29
15:02:51,1618,23.15,39.05
15:02:54,1619,23.12,38.49
15:02:57,1620,23.11,38.16
15:03:00,1621,23.05,38.84
15:03:03,1622,23.05,39.65
15:03:06,1623,23.04,39.39
15:03:09,1624,23.04,38.7
15:03:12,1625,23.04,38.96
15:03:15,1626,22.99,39.29
15:03:18,1627,22.99,39.34
15:03:22,1628,22.95,39.54
15:03:25,1629,22.97,39.55
15:03:28,1630,22.92,39.15
15:03:30,1631,22.94,38.73
15:03:34,1632,22.92,38.7
15:03:37,1633,22.94,38.9
15:03:40,1634,22.92,38.61
15:03:43,1635,22.9,37.98
15:03:46,1636,22.88,37.73
15:03:49,1637,22.88,37.89
15:03:52,1638,22.87,38.04
15:03:55,1639,22.9,38.24
15:03:58,1640,22.87,38.45
15:04:01,1641,22.87,38.54
15:04:04,1642,22.84,38.52
15:04:07,1643,22.83,38.54
15:04:09,1644,22.84,38.48
15:04:12,1645,22.83,38.67
15:04:15,1646,22.83,38.88
15:04:19,1647,22.78,38.92
15:04:21,1648,22.78,39.0
15:04:24,1649,22.77,39.17
15:04:27,1650,22.75,39.39
15:04:30,1651,22.74,38.99
15:04:33,1652,22.75,38.46
15:04:36,1653,22.72,38.45
15:04:39,1654,22.68,38.04
15:04:42,1655,22.68,37.82
15:04:46,1656,22.64,37.61
15:04:49,1657,22.63,37.7
15:04:52,1658,22.63,37.73
15:04:55,1659,22.61,37.54
15:04:58,1660,22.6,37.47
15:05:01,1661,22.6,37.65
15:05:04,1662,22.6,37.71
15:05:07,1663,22.6,37.71
15:05:10,1664,22.57,38.77
15:05:13,1665,22.6,39.56
15:05:16,1666,22.6,39.85
15:05:19,1667,22.61,40.08
15:05:22,1668,22.61,39.55
15:05:26,1669,22.58,39.51
15:05:28,1670,22.6,39.41
15:05:31,1671,22.61,39.71
15:05:34,1672,22.61,39.76
15:05:37,1673,22.64,39.42
15:05:40,1674,22.64,39.25
15:05:44,1675,22.6,39.26
15:05:46,1676,22.63,39.63
15:05:50,1677,22.64,39.99
15:05:53,1678,22.6,39.97
15:05:56,1679,22.6,40.08
15:05:59,1680,22.57,40.14
15:06:02,1681,22.57,40.07
15:06:05,1682,22.55,40.04
15:06:08,1683,22.53,39.97
15:06:11,1684,22.47,39.89
15:06:14,1685,22.47,39.44
15:06:17,1686,22.45,38.94
15:06:20,1687,22.41,38.47
15:06:23,1688,22.41,38.1
15:06:26,1689,22.39,37.86
15:06:29,1690,22.41,37.89
15:06:32,1691,22.41,38.31
15:06:35,1692,22.39,38.33
15:06:39,1693,22.4,38.4
15:06:41,1694,22.4,38.54
15:06:45,1695,22.39,38.61
15:06:48,1696,22.37,38.66
15:06:50,1697,22.37,38.61
15:06:53,1698,22.37,38.75
15:06:57,1699,22.34,38.64
15:07:00,1700,22.32,38.71
15:07:03,1701,22.32,38.84
15:07:06,1702,22.27,38.84
15:07:09,1703,22.27,38.81
15:07:12,1704,22.29,38.66
15:07:15,1705,22.23,38.4
15:07:18,1706,22.23,38.24
15:07:21,1707,22.23,38.25
15:07:24,1708,22.24,38.23
15:07:27,1709,22.25,38.25
15:07:30,1710,22.24,38.3
15:07:33,1711,22.23,38.41
15:07:36,1712,22.24,38.38
15:07:39,1713,22.21,38.45
15:07:42,1714,22.21,38.73
15:07:45,1715,22.24,38.75
15:07:48,1716,22.24,38.65
15:07:51,1717,22.23,38.89
15:07:54,1718,22.23,38.92
15:07:57,1719,22.25,38.87
15:08:00,1720,22.27,38.84
15:08:04,1721,22.3,38.8
15:08:07,1722,22.29,38.77
15:08:10,1723,22.32,38.76
15:08:13,1724,22.33,38.39
15:08:16,1725,22.3,38.19
15:08:19,1726,22.32,38.02
15:08:22,1727,22.27,37.9
15:08:25,1728,22.27,37.86
15:08:28,1729,22.32,38.34
15:08:31,1730,22.3,38.81
15:08:34,1731,22.34,38.64
15:08:37,1732,22.27,38.56
15:08:40,1733,22.27,38.19
15:08:43,1734,22.25,38.23
15:08:47,1735,22.25,38.19
15:08:49,1736,22.21,37.98
15:08:52,1737,22.21,37.83
15:08:55,1738,22.2,37.65
15:08:58,1739,22.16,37.56
15:09:02,1740,22.2,37.5
15:09:04,1741,22.18,37.95
15:09:08,1742,22.21,38.38
15:09:10,1743,22.25,38.72
15:09:14,1744,22.23,38.83
15:09:17,1745,22.27,38.83
15:09:20,1746,22.24,38.49
15:09:22,1747,22.23,38.03
15:09:26,1748,22.23,37.95
15:09:29,1749,22.23,37.8
15:09:32,1750,22.21,37.95
15:09:35,1751,22.18,37.95
15:09:38,1752,22.18,38.0
15:09:41,1753,22.18,37.98
15:09:44,1754,22.16,37.95
15:09:47,1755,22.18,37.9
15:09:50,1756,22.18,37.85
15:09:53,1757,22.13,38.0
15:09:56,1758,22.13,38.14
15:09:59,1759,22.16,38.09
15:10:02,1760,22.14,37.93
15:10:06,1761,22.16,37.88
15:10:08,1762,22.14,37.85
15:10:11,1763,22.13,37.69
15:10:14,1764,22.16,37.69
15:10:18,1765,22.13,37.73
15:10:20,1766,22.14,37.69
15:10:23,1767,22.12,37.6
15:10:27,1768,22.12,37.48
15:10:30,1769,22.09,37.41
15:10:32,1770,22.12,37.44
15:10:36,1771,22.1,37.4
15:10:39,1772,22.1,37.34
15:10:42,1773,22.13,37.29
15:10:45,1774,22.14,37.31
15:10:48,1775,22.12,37.24
15:10:51,1776,22.12,37.21
15:10:54,1777,22.09,37.09
15:10:57,1778,22.13,37.32
15:11:00,1779,22.12,37.3
15:11:03,1780,22.13,37.27
15:11:06,1781,22.13,37.24
15:11:09,1782,22.1,37.18
15:11:12,1783,22.12,37.19
15:11:15,1784,22.13,37.26
15:11:19,1785,22.12,37.43
15:11:21,1786,22.13,37.78
15:11:24,1787,22.14,37.97
15:11:28,1788,22.17,37.72
15:11:31,1789,22.18,37.67
15:11:34,1790,22.2,37.59
15:11:37,1791,22.2,37.81
15:11:40,1792,22.21,37.87
15:11:43,1793,22.23,37.89
15:11:46,1794,22.24,37.78
15:11:49,1795,22.24,37.83
15:11:52,1796,22.3,37.96
15:11:55,1797,22.29,38.08
15:11:58,1798,22.27,38.1
15:12:01,1799,22.29,38.06
15:12:04,1800,22.29,38.1
15:12:07,1801,22.32,38.13
15:12:10,1802,22.32,38.06
15:12:13,1803,22.32,37.84
15:12:16,1804,22.32,37.69
15:12:19,1805,22.34,37.67
15:12:22,1806,22.3,37.64
15:12:25,1807,22.33,37.64
15:12:28,1808,22.3,37.75
15:12:31,1809,22.32,38.01
15:12:34,1810,22.3,38.02
15:12:37,1811,22.33,37.93
15:12:41,1812,22.32,37.88
15:12:44,1813,22.33,37.96
15:12:47,1814,22.33,37.91
15:12:50,1815,22.33,38.0
15:12:53,1816,22.32,37.94
15:12:56,1817,22.33,38.05
15:12:59,1818,22.33,38.04
15:13:02,1819,22.33,38.02
15:13:05,1820,22.34,37.92
15:13:08,1821,22.33,37.91
15:13:11,1822,22.32,37.95
15:13:14,1823,22.33,38.01
15:13:17,1824,22.32,38.08
15:13:20,1825,22.32,38.16
15:13:23,1826,22.33,38.2
15:13:26,1827,22.33,38.18
15:13:29,1828,22.33,38.17
15:13:32,1829,22.36,38.27
15:13:35,1830,22.36,38.31
15:13:39,1831,22.36,38.29
15:13:41,1832,22.37,38.08
15:13:44,1833,22.37,37.96
15:13:48,1834,22.36,37.95
15:13:51,1835,22.34,37.87
15:13:53,1836,22.37,37.9
15:13:57,1837,22.39,37.83
15:14:00,1838,22.36,37.78
15:14:03,1839,22.36,37.71
15:14:06,1840,22.32,37.79
15:14:09,1841,22.32,37.76
15:14:12,1842,22.33,37.78
15:14:15,1843,22.3,37.81
15:14:18,1844,22.32,37.75
15:14:21,1845,22.32,37.72
15:14:24,1846,22.32,37.76
15:14:27,1847,22.3,37.81
15:14:30,1848,22.29,37.74
15:14:33,1849,22.27,37.85
15:14:36,1850,22.29,37.91
15:14:39,1851,22.27,38.03
15:14:42,1852,22.25,37.99
15:14:46,1853,22.25,37.96
15:14:48,1854,22.24,37.59
15:14:52,1855,22.24,37.66
15:14:55,1856,22.2,37.58
15:14:58,1857,22.2,37.49
15:15:01,1858,22.2,37.55
15:15:04,1859,22.21,37.55
15:15:07,1860,22.18,37.64
15:15:10,1861,22.18,37.67
15:15:13,1862,22.14,37.69
15:15:16,1863,22.14,37.72
15:15:19,1864,22.13,37.6
15:15:22,1865,22.1,37.61
15:15:25,1866,22.12,37.52
15:15:28,1867,22.1,37.52
15:15:31,1868,22.1,37.48
15:15:34,1869,22.07,37.63
15:15:37,1870,22.09,37.62
15:15:40,1871,22.06,37.53
15:15:43,1872,22.04,37.58
15:15:46,1873,22.06,37.53
15:15:50,1874,22.07,37.49
15:15:52,1875,22.07,37.5
15:15:55,1876,22.06,37.76
15:15:58,1877,22.02,37.66
15:16:01,1878,22.03,37.4
15:16:04,1879,22.02,37.29
15:16:08,1880,22.0,37.47
15:16:11,1881,22.02,37.62
15:16:14,1882,22.04,37.76
15:16:17,1883,22.04,37.77
15:16:20,1884,22.03,37.86
15:16:23,1885,22.03,37.97
15:16:26,1886,22.06,38.07
15:16:29,1887,22.03,38.01
15:16:32,1888,22.04,37.98
15:16:35,1889,22.06,37.96
15:16:38,1890,22.03,37.88
15:16:41,1891,22.07,38.13
15:16:44,1892,22.09,38.33
15:16:47,1893,22.09,38.22
15:16:50,1894,22.06,38.03
15:16:54,1895,22.09,38.06
15:16:56,1896,22.04,38.01
15:16:59,1897,22.06,37.97
15:17:02,1898,22.09,37.98
15:17:05,1899,22.07,37.96
15:17:09,1900,22.07,37.95
15:17:12,1901,22.09,37.88
15:17:15,1902,22.1,37.83
15:17:18,1903,22.07,37.7
15:17:21,1904,22.1,37.74
15:17:24,1905,22.1,37.75
15:17:27,1906,22.1,37.78
15:17:30,1907,22.12,37.85
15:17:33,1908,22.12,37.91
15:17:36,1909,22.13,37.87
15:17:39,1910,22.16,37.81
15:17:42,1911,22.14,37.69
15:17:45,1912,22.16,37.67
15:17:48,1913,22.2,37.69
15:17:51,1914,22.21,37.54
15:17:54,1915,22.2,37.39
15:17:57,1916,22.18,37.3
15:18:00,1917,22.23,37.5
15:18:03,1918,22.21,37.78
15:18:06,1919,22.21,37.85
15:18:09,1920,22.2,37.92
15:18:13,1921,22.2,38.05
15:18:16,1922,22.2,38.16
15:18:19,1923,22.23,38.11
15:18:22,1924,22.21,38.12
15:18:24,1925,22.21,38.25
15:18:28,1926,22.21,38.46
15:18:31,1927,22.23,38.72
15:18:34,1928,22.23,38.72
15:18:37,1929,22.21,38.76
15:18:40,1930,22.23,38.85
15:18:43,1931,22.23,39.04
15:18:46,1932,22.21,39.06
15:18:49,1933,22.24,38.9
15:18:52,1934,22.25,38.8
15:18:55,1935,22.23,38.59
15:18:58,1936,22.2,38.42
15:19:02,1937,22.18,38.09
15:19:04,1938,22.2,38.07
15:19:07,1939,22.21,38.17
15:19:10,1940,22.2,38.29
15:19:13,1941,22.21,38.35
15:19:16,1942,22.23,38.3
15:19:20,1943,22.2,38.27
15:19:22,1944,22.21,38.61
15:19:25,1945,22.18,38.85
15:19:29,1946,22.18,38.92
15:19:32,1947,22.23,38.94
15:19:34,1948,22.21,38.99
15:19:38,1949,22.23,39.02
15:19:41,1950,22.21,38.94
15:19:44,1951,22.25,38.96
15:19:47,1952,22.25,38.97
15:19:50,1953,22.27,38.84
15:19:53,1954,22.24,38.67
15:19:56,1955,22.24,38.54
15:19:59,1956,22.21,38.5
15:20:02,1957,22.25,38.49
15:20:05,1958,22.25,38.57
15:20:08,1959,22.24,38.76
15:20:11,1960,22.24,38.91
15:20:14,1961,22.24,38.98
15:20:17,1962,22.25,38.98
15:20:21,1963,22.24,38.96
15:20:23,1964,22.24,38.79
15:20:26,1965,22.23,38.67
15:20:29,1966,22.24,38.63
15:20:32,1967,22.23,38.41
15:20:36,1968,22.23,38.15
15:20:39,1969,22.21,38.08
15:20:41,1970,22.23,38.01
15:20:44,1971,22.2,37.94
15:20:48,1972,22.2,37.8
15:20:51,1973,22.2,37.8
15:20:54,1974,22.2,37.81
15:20:57,1975,22.18,37.97
15:21:00,1976,22.17,38.11
15:21:03,1977,22.16,38.24
15:21:06,1978,22.17,38.22
15:21:09,1979,22.16,38.19
15:21:12,1980,22.16,38.18
15:21:15,1981,22.17,37.89
15:21:18,1982,22.17,37.73
15:21:21,1983,22.16,37.76
15:21:24,1984,22.16,37.88
15:21:27,1985,22.17,37.77
15:21:30,1986,22.16,37.72
15:21:33,1987,22.17,37.64
15:21:36,1988,22.17,37.64
15:21:39,1989,22.2,37.6
15:21:42,1990,22.18,37.57
15:21:45,1991,22.18,37.54
15:21:49,1992,22.2,37.58
15:21:51,1993,22.17,37.64
15:21:55,1994,22.17,37.69
15:21:58,1995,22.16,37.83
15:22:01,1996,22.24,37.99
15:22:04,1997,22.21,38.21
15:22:07,1998,22.23,38.33
15:22:10,1999,22.21,38.3
15:22:13,2000,22.25,38.29
15:22:16,2001,22.24,38.17
15:22:19,2002,22.21,37.75
15:22:22,2003,22.23,37.6
15:22:25,2004,22.21,37.45
15:22:28,2005,22.21,37.47
15:22:31,2006,22.23,37.49
15:22:34,2007,22.23,37.39
15:22:37,2008,22.21,37.23
15:22:40,2009,22.2,37.15
15:22:43,2010,22.18,37.01
15:22:47,2011,22.18,37.01
15:22:50,2012,22.18,37.03
15:22:53,2013,22.14,37.1
15:22:56,2014,22.16,37.16
15:22:58,2015,22.12,37.36
15:23:01,2016,22.13,37.67
15:23:05,2017,22.14,37.68
15:23:08,2018,22.13,38.1
15:23:11,2019,22.14,38.61
15:23:14,2020,22.12,38.75
15:23:17,2021,22.12,38.65
15:23:20,2022,22.14,38.39
15:23:23,2023,22.14,38.61
15:23:26,2024,22.12,38.75
15:23:29,2025,22.13,39.04
15:23:32,2026,22.13,39.24
15:23:35,2027,22.13,39.34
15:23:38,2028,22.13,39.33
15:23:41,2029,22.16,39.19
15:23:44,2030,22.16,39.13
15:23:47,2031,22.14,39.17
15:23:50,2032,22.17,39.02
15:23:53,2033,22.17,39.11
15:23:56,2034,22.2,39.36
15:23:59,2035,22.2,39.32
15:24:02,2036,22.18,39.09
15:24:05,2037,22.16,38.94
15:24:08,2038,22.2,38.88
15:24:11,2039,22.2,38.85
15:24:15,2040,22.21,38.84
15:24:18,2041,22.2,38.85
15:24:21,2042,22.21,38.85
15:24:24,2043,22.23,38.88
15:24:27,2044,22.23,38.84
15:24:30,2045,22.25,38.87
15:24:33,2046,22.25,38.8
15:24:36,2047,22.25,38.82
15:24:39,2048,22.25,38.8
15:24:42,2049,22.25,38.8
15:24:45,2050,22.23,38.75
15:24:48,2051,22.21,38.81
15:24:51,2052,22.18,38.76
15:24:54,2053,22.21,38.84
15:24:57,2054,22.21,38.79
15:25:00,2055,22.18,38.69
15:25:04,2056,22.21,38.61
15:25:06,2057,22.21,38.54
15:25:09,2058,22.23,38.55
15:25:12,2059,22.21,38.37
15:25:15,2060,22.2,38.07
15:25:18,2061,22.18,38.1
15:25:22,2062,22.13,37.98
15:25:25,2063,22.16,37.89
15:25:27,2064,22.16,37.9
15:25:31,2065,22.16,38.01
15:25:34,2066,22.16,38.43
15:25:37,2067,22.18,38.54
15:25:40,2068,22.21,38.52
15:25:43,2069,22.23,38.5
15:25:46,2070,22.27,38.49
15:25:50,2071,22.29,38.57
15:25:52,2072,22.32,38.67
15:25:55,2073,22.3,38.77
15:25:58,2074,22.29,38.9
15:26:01,2075,22.33,38.97
15:26:04,2076,22.33,39.07
15:26:07,2077,22.32,39.08
15:26:10,2078,22.33,39.09
15:26:13,2079,22.34,39.06
15:26:16,2080,22.36,39.04
15:26:19,2081,22.36,39.09
15:26:25,2082,22.39,38.91
15:26:25,2083,22.39,38.82
15:26:29,2084,22.39,38.78
15:26:32,2085,22.41,38.57
15:26:34,2086,22.39,38.38
15:26:38,2087,22.4,38.34
15:26:41,2088,22.44,38.51
15:26:44,2089,22.44,38.57
15:26:50,2090,22.47,38.56
15:26:50,2091,22.63,46.88
15:26:53,2092,22.55,58.11
15:26:56,2093,22.43,56.69
15:26:59,2094,22.45,49.23
15:27:02,2095,22.45,44.45
15:27:05,2096,22.48,41.48
15:27:08,2097,22.51,40.04
15:27:11,2098,22.51,39.32
15:27:14,2099,22.51,38.89
15:27:17,2100,22.54,38.69
15:27:20,2101,22.54,38.64
15:27:23,2102,22.53,38.61
15:27:26,2103,22.53,38.74
15:27:30,2104,22.55,38.61
15:27:33,2105,22.53,38.86
15:27:36,2106,22.53,38.93
15:27:39,2107,22.54,38.94
15:27:42,2108,22.54,38.9
15:27:45,2109,22.55,38.78
15:27:48,2110,22.53,38.76
15:27:51,2111,22.55,38.77
15:27:54,2112,22.55,38.64
15:27:57,2113,22.9,41.72
15:28:00,2114,22.94,42.64
15:28:03,2115,22.94,40.91
15:28:06,2116,22.94,40.03
15:28:09,2117,22.92,39.53
15:28:12,2118,22.91,39.25
15:28:15,2119,22.9,39.13
15:28:18,2120,22.92,39.01
15:28:21,2121,22.92,38.83
15:28:24,2122,22.88,38.76
15:28:27,2123,22.88,38.65
15:28:31,2124,22.87,38.54
15:28:34,2125,22.87,38.49
15:28:36,2126,22.85,38.53
15:28:40,2127,22.87,38.48
15:28:42,2128,22.85,38.41
15:28:46,2129,22.87,38.4
15:28:49,2130,22.87,38.37
15:28:52,2131,22.87,38.34
15:28:55,2132,22.84,38.25
15:28:58,2133,22.83,38.31
15:29:01,2134,22.84,38.39
15:29:04,2135,22.81,38.42
15:29:07,2136,22.79,38.48
15:29:10,2137,22.79,38.54
15:29:13,2138,22.78,38.48
15:29:16,2139,22.77,38.49
15:29:19,2140,22.78,38.52
15:29:22,2141,22.78,38.55
15:29:25,2142,22.75,38.57
15:29:29,2143,22.78,38.56
15:29:31,2144,22.77,38.57
15:29:34,2145,22.75,38.48
15:29:37,2146,22.77,38.5
15:29:40,2147,22.72,38.53
15:29:43,2148,22.75,38.53
15:29:47,2149,22.72,38.55
15:29:49,2150,22.74,38.55
15:29:52,2151,22.74,38.51
15:29:56,2152,22.71,38.47
15:29:59,2153,22.77,38.46
15:30:02,2154,22.74,38.43
15:30:05,2155,22.72,38.46
15:30:08,2156,22.72,38.45
15:30:11,2157,22.71,38.5
15:30:14,2158,22.75,38.49
15:30:17,2159,22.71,38.47
15:30:20,2160,22.71,38.46
15:30:23,2161,22.69,38.53
15:30:26,2162,22.71,38.61
15:30:29,2163,22.68,38.61
15:30:32,2164,22.71,38.61
15:30:35,2165,22.68,38.63
15:30:38,2166,22.69,38.63
15:30:41,2167,22.69,38.63
15:30:44,2168,22.69,38.68
15:30:47,2169,22.69,38.63
15:30:50,2170,22.68,38.67
15:30:53,2171,22.65,38.73
15:30:56,2172,22.67,38.78
15:31:00,2173,22.67,38.82
15:31:03,2174,22.67,38.87
15:31:06,2175,22.68,38.9
15:31:09,2176,22.67,38.94
15:31:12,2177,22.67,38.93
15:31:15,2178,22.65,38.94
15:31:18,2179,22.65,38.93
15:31:21,2180,22.65,38.98
15:31:24,2181,22.67,38.92
15:31:27,2182,22.64,38.91
15:31:30,2183,22.64,38.88
15:31:33,2184,22.64,38.82
15:31:37,2185,22.64,38.84
15:31:39,2186,22.63,38.81
15:31:42,2187,22.63,38.83
15:31:45,2188,22.64,38.9
15:31:48,2189,22.63,38.89
15:31:51,2190,22.63,38.84
15:31:55,2191,22.6,38.88
15:31:57,2192,22.6,38.91
15:32:00,2193,22.61,38.96
15:32:03,2194,22.6,38.93
15:32:06,2195,22.6,38.96
15:32:09,2196,22.57,38.9
15:32:12,2197,22.57,38.89
15:32:16,2198,22.58,38.85
15:32:19,2199,22.55,38.84
15:32:22,2200,22.54,38.86
15:32:25,2201,22.54,38.79
15:32:28,2202,22.57,38.83
15:32:31,2203,22.53,38.85
15:32:34,2204,22.53,38.81
15:32:37,2205,22.53,38.79
15:32:40,2206,22.53,38.83
15:32:43,2207,22.51,38.85
15:32:46,2208,22.51,38.91
15:32:49,2209,22.53,38.96
15:32:52,2210,22.51,39.01
15:32:55,2211,22.51,38.97
15:32:58,2212,22.51,38.96
15:33:01,2213,22.53,38.95
15:33:04,2214,22.51,38.96
15:33:07,2215,22.48,38.94
15:33:10,2216,22.51,38.94
15:33:14,2217,22.53,38.92
15:33:16,2218,22.48,38.91
15:33:20,2219,22.5,38.92
15:33:22,2220,22.5,38.93
15:33:26,2221,22.5,38.92
15:33:29,2222,22.5,38.93
15:33:32,2223,22.48,38.97
15:33:35,2224,22.51,38.89
15:33:38,2225,22.48,38.95
15:33:41,2226,22.48,38.89
15:33:44,2227,22.48,38.9
15:33:47,2228,22.48,38.93
15:33:50,2229,22.51,38.91
15:33:53,2230,22.5,38.86
15:33:56,2231,22.5,38.84
15:33:59,2232,22.5,38.89
15:34:02,2233,22.5,38.89
15:34:05,2234,22.5,38.86
15:34:08,2235,22.51,38.87
15:34:11,2236,22.5,38.85
15:34:14,2237,22.51,38.83
15:34:17,2238,22.5,38.7
15:34:21,2239,22.48,38.67
15:34:24,2240,22.47,38.66
15:34:26,2241,22.5,38.68
15:34:29,2242,22.48,38.66
15:34:32,2243,22.47,38.67
15:34:36,2244,22.45,38.72
15:34:39,2245,22.47,38.65
15:34:43,2246,22.45,38.66
15:34:45,2247,22.45,38.63
15:34:48,2248,22.45,38.63
15:34:51,2249,22.47,38.58
15:34:54,2250,22.48,38.55
15:34:57,2251,22.45,38.6
15:35:00,2252,22.44,38.54
15:35:03,2253,22.47,38.56
15:35:06,2254,22.45,38.57
15:35:10,2255,22.45,38.59
15:35:13,2256,22.45,38.59
15:35:16,2257,22.45,38.59
15:35:18,2258,22.45,38.58
15:35:21,2259,22.47,38.59
15:35:24,2260,22.47,38.58
15:35:27,2261,22.48,38.64
15:35:31,2262,22.45,38.58
15:35:33,2263,22.45,38.53
15:35:36,2264,22.45,38.51
15:35:39,2265,22.44,38.48
15:35:43,2266,22.45,38.43
15:35:46,2267,22.47,38.55
15:35:49,2268,22.45,38.6
15:35:52,2269,22.45,38.67
15:35:55,2270,22.45,38.75
15:35:58,2271,22.44,38.72
15:36:01,2272,22.45,38.71
15:36:04,2273,22.44,38.8
15:36:07,2274,22.45,38.76
15:36:10,2275,22.44,38.77
15:36:13,2276,22.43,38.84
15:36:16,2277,22.41,38.81
15:36:19,2278,22.44,38.85
15:36:22,2279,22.43,38.82
15:36:25,2280,22.44,38.84
15:36:28,2281,22.44,38.92
15:36:32,2282,22.47,38.89
15:36:34,2283,22.45,38.97
15:36:37,2284,22.45,38.97
15:36:40,2285,22.44,38.98
15:36:44,2286,22.44,39.0
15:36:47,2287,22.45,39.01
15:36:50,2288,22.44,39.02
15:36:52,2289,22.43,39.03
15:36:56,2290,22.44,39.05
15:36:59,2291,22.45,39.07
15:37:02,2292,22.44,39.14
15:37:05,2293,22.43,39.11
15:37:08,2294,22.47,39.1
15:37:11,2295,22.44,39.16
15:37:14,2296,22.45,39.14
15:37:17,2297,22.45,39.25
15:37:20,2298,22.45,39.31
15:37:23,2299,22.44,39.35
15:37:26,2300,22.44,39.46
15:37:29,2301,22.44,39.43
15:37:32,2302,22.48,39.42
15:37:35,2303,22.47,39.43
15:37:38,2304,22.47,39.44
15:37:42,2305,22.45,39.51
15:37:44,2306,22.45,39.51
15:37:47,2307,22.45,39.55
15:37:50,2308,22.47,39.55
15:37:53,2309,22.45,39.56
15:37:56,2310,22.47,39.5
15:38:00,2311,22.47,39.5
15:38:03,2312,22.47,39.43
15:38:06,2313,22.48,39.43
15:38:09,2314,22.47,39.48
15:38:12,2315,22.47,39.5
15:38:15,2316,22.48,39.5
15:38:18,2317,22.45,39.54
15:38:21,2318,22.48,39.47
15:38:24,2319,22.45,39.47
15:38:27,2320,22.47,39.48
15:38:30,2321,22.47,39.55
15:38:33,2322,22.45,39.65
15:38:36,2323,22.44,39.69
15:38:39,2324,22.45,39.7
15:38:42,2325,22.48,39.77
15:38:45,2326,22.44,39.76
15:38:48,2327,22.48,39.71
15:38:52,2328,22.48,39.72
15:38:55,2329,22.48,39.74
15:38:57,2330,22.47,39.79
15:39:00,2331,22.47,39.77
15:39:04,2332,22.47,39.77
15:39:06,2333,22.45,39.73
15:39:10,2334,22.47,39.76
15:39:13,2335,22.47,39.77
15:39:16,2336,22.45,39.76
15:39:19,2337,22.48,39.79
15:39:22,2338,22.47,39.88
15:39:25,2339,22.47,40.03
15:39:28,2340,22.44,40.1
15:39:31,2341,22.44,40.13
15:39:34,2342,22.44,40.17
15:39:37,2343,22.43,40.23
15:39:40,2344,22.43,40.24
15:39:43,2345,22.44,40.28
15:39:46,2346,22.45,40.28
15:39:49,2347,22.43,40.22
15:39:52,2348,22.43,40.24
15:39:55,2349,22.45,40.29
15:42:18,2360,23.63,54.87
15:42:22,2361,23.56,51.88
15:42:48,2366,24.96,49.36
15:42:51,2367,24.58,46.64
15:42:54,2368,24.31,46.45
15:42:57,2369,24.16,47.4
15:43:00,2370,24.03,46.68
15:43:04,2371,23.96,44.85
15:43:06,2372,23.92,43.82
15:43:09,2373,23.84,42.42
15:43:13,2374,23.82,41.99
15:43:15,2375,27.86,67.26
15:43:19,2376,30.57,84.37
15:43:22,2377,29.2,90.62
15:43:24,2378,27.83,93.0
15:43:28,2379,26.82,93.42
15:43:31,2380,26.1,81.06
15:43:34,2381,25.67,73.04
15:43:37,2382,25.25,65.91
15:43:40,2383,24.99,57.65
15:43:43,2384,24.78,53.18
15:43:46,2385,24.64,47.99
15:43:49,2386,24.53,44.7
15:43:52,2387,24.43,43.05
15:43:55,2388,24.36,41.48
15:43:58,2389,24.3,40.45
15:44:01,2390,24.21,39.81
15:44:04,2391,24.12,39.26
15:44:07,2392,27.42,54.67
15:44:10,2393,27.6,79.14
15:44:13,2394,26.44,86.44
15:44:17,2395,27.16,82.47
15:44:20,2396,27.79,89.25
15:44:22,2397,26.7,84.95
15:44:26,2398,26.23,70.15
15:44:29,2399,25.8,63.54
15:44:31,2400,25.49,58.22
15:44:35,2401,25.25,51.51
15:44:38,2402,25.08,46.06
15:44:41,2403,24.94,42.43
15:44:44,2404,24.81,40.12
15:44:47,2405,24.69,39.26
15:44:50,2406,24.61,38.95
15:44:53,2407,24.53,38.91
15:44:56,2408,24.46,38.76
15:44:59,2409,24.4,38.76
15:45:02,2410,24.31,38.73
15:45:05,2411,24.26,38.66
15:45:08,2412,24.21,38.56
15:45:12,2413,24.16,38.43
15:45:14,2414,24.12,38.39
15:45:17,2415,24.06,38.44
15:45:20,2416,24.04,38.37
15:45:23,2417,23.96,38.29
15:45:27,2418,23.89,38.26
15:45:31,2419,23.83,38.17
15:45:32,2420,23.79,38.18
15:45:36,2421,23.76,38.24
15:45:38,2422,23.73,38.41
15:45:42,2423,23.69,38.49
15:45:45,2424,23.63,38.65
15:45:48,2425,23.63,38.66
15:45:51,2426,23.56,38.72
15:45:54,2427,23.55,38.73
15:45:57,2428,23.49,38.79
15:46:00,2429,23.48,38.83
15:46:03,2430,23.43,38.8
15:46:06,2431,23.39,38.87
15:46:09,2432,23.37,38.89
15:46:12,2433,23.35,39.02
15:46:16,2434,23.29,39.09
15:46:18,2435,23.26,39.15
15:46:21,2436,23.22,39.22
15:46:24,2437,23.19,39.15
15:46:27,2438,23.16,39.23
15:46:30,2439,23.14,39.24
15:46:33,2440,23.14,39.24
15:46:36,2441,23.09,39.33
15:46:40,2442,23.07,39.45
15:46:43,2443,23.07,39.48
15:46:45,2444,23.02,39.48
15:46:49,2445,23.02,39.52
15:46:52,2446,22.99,39.59
15:46:55,2447,22.97,39.52
15:46:58,2448,22.95,39.51
15:47:01,2449,22.92,39.58
15:47:04,2450,22.9,39.53
15:47:07,2451,22.85,39.67
15:47:10,2452,22.85,39.77
15:47:13,2453,22.83,39.9
15:47:16,2454,22.81,39.99
15:47:19,2455,22.78,40.01
15:47:22,2456,22.77,40.07
15:47:26,2457,22.78,40.11
15:47:28,2458,22.75,40.11
15:47:31,2459,22.72,40.04
15:47:34,2460,22.74,40.0
15:47:38,2461,22.74,40.04
15:47:41,2462,22.72,40.05
15:47:44,2463,22.74,39.97
15:47:46,2464,22.71,39.98
15:47:50,2465,22.68,39.98
15:47:53,2466,22.69,40.03
15:47:56,2467,22.64,39.98
15:47:58,2468,22.67,40.04
15:48:02,2469,22.64,40.03
15:48:05,2470,22.65,40.12
15:48:08,2471,22.64,40.49
15:48:11,2472,22.65,40.71
15:48:15,2473,22.64,40.76
15:48:17,2474,22.64,40.81
15:48:20,2475,22.61,40.8
15:48:23,2476,22.63,40.77
15:48:26,2477,22.63,40.81
15:48:29,2478,22.6,40.8
15:48:32,2479,22.61,40.8
15:48:35,2480,22.6,40.73
15:48:38,2481,22.61,40.72
15:48:41,2482,22.57,40.72
15:48:44,2483,22.57,40.82
15:48:47,2484,22.58,40.81
15:48:51,2485,22.58,40.89
15:48:53,2486,22.58,40.93
15:48:56,2487,22.58,40.9
15:49:01,2488,22.57,40.95
15:49:02,2489,22.57,40.88
15:49:05,2490,22.57,40.67
15:49:09,2491,22.57,40.69
15:49:12,2492,22.55,40.77
15:49:15,2493,22.55,40.75
15:49:18,2494,22.55,40.76
15:49:21,2495,22.55,40.83
15:49:24,2496,22.55,40.79
15:49:28,2497,22.53,40.78
15:49:30,2498,22.54,40.63
15:49:33,2499,22.54,40.5
15:49:36,2500,22.55,40.5
15:49:39,2501,22.53,40.48
15:49:42,2502,22.53,40.4
15:49:45,2503,22.53,40.32
15:49:48,2504,22.53,40.32
15:49:51,2505,22.51,40.33
15:49:54,2506,22.54,40.3
15:49:57,2507,22.53,40.31
15:50:00,2508,22.51,40.35
15:50:04,2509,22.51,40.4
15:50:06,2510,22.51,40.45
15:50:09,2511,22.53,40.39
15:50:13,2512,22.51,40.46
15:50:16,2513,22.53,40.41
15:50:19,2514,22.51,40.46
15:50:22,2515,22.5,40.34
15:50:25,2516,22.54,40.28
15:50:28,2517,22.51,40.26
15:50:31,2518,22.53,40.2
15:50:34,2519,22.53,40.35
15:50:37,2520,22.51,40.62
15:50:41,2521,22.54,40.68
15:50:43,2522,22.51,40.93
15:50:46,2523,22.53,41.27
15:50:49,2524,22.53,41.48
15:50:52,2525,22.53,41.68
15:50:55,2526,22.51,41.75
15:50:58,2527,22.51,41.86
15:51:01,2528,22.51,41.84
15:51:04,2529,22.54,41.79
15:51:07,2530,22.51,41.76
15:51:10,2531,22.53,41.65
15:51:14,2532,22.51,41.54
15:51:17,2533,22.53,41.52
15:51:20,2534,22.51,41.51
15:51:22,2535,22.51,41.47
15:51:26,2536,22.5,41.48
15:51:29,2537,22.53,41.46
15:51:33,2538,22.48,41.47
15:51:35,2539,22.51,41.46
15:51:38,2540,22.51,41.38
15:51:41,2541,22.5,41.44
15:51:44,2542,22.51,41.47
15:51:47,2543,22.5,41.46
15:51:50,2544,22.48,41.54
15:51:53,2545,22.53,41.58
15:51:56,2546,22.53,41.51
15:51:59,2547,22.51,41.55
15:52:02,2548,22.5,41.65
15:52:05,2549,22.5,41.61
15:52:08,2550,22.48,41.61
15:52:13,2551,22.51,41.64
15:52:14,2552,22.48,41.69
15:52:17,2553,22.48,41.69
15:52:21,2554,22.48,41.62
15:52:24,2555,22.48,41.62
15:52:26,2556,22.5,41.69
15:52:30,2557,22.48,41.64
15:52:33,2558,22.48,41.68
15:52:36,2559,22.51,41.63
15:52:39,2560,22.48,41.64
15:52:42,2561,22.53,41.64
15:52:45,2562,22.48,41.6
15:52:48,2563,22.48,41.68
15:52:51,2564,22.48,41.63
15:52:54,2565,22.48,41.64
15:52:57,2566,22.47,41.64
15:53:00,2567,22.48,41.64
15:53:03,2568,22.5,41.65
15:53:06,2569,22.48,41.72
15:53:09,2570,22.48,41.66
15:53:12,2571,22.47,41.76
15:53:15,2572,22.45,41.72
15:53:18,2573,22.47,41.81
15:53:21,2574,22.48,41.76
15:53:25,2575,22.47,41.78
15:53:27,2576,22.48,42.01
15:53:30,2577,22.45,42.08
15:53:34,2578,22.48,41.99
15:53:36,2579,22.47,42.07
15:53:39,2580,22.47,42.1
15:53:43,2581,22.45,42.11
15:53:46,2582,22.47,42.1
15:53:49,2583,22.47,42.03
15:53:52,2584,22.48,42.19
15:53:55,2585,22.47,42.21
15:53:58,2586,22.47,42.22
15:54:01,2587,22.47,42.03
15:54:04,2588,22.47,41.94
15:54:07,2589,22.44,41.96
15:54:10,2590,22.47,41.97
15:54:13,2591,22.44,41.97
15:54:16,2592,22.44,42.01
15:54:19,2593,22.45,41.99
15:54:22,2594,22.44,42.09
15:54:25,2595,22.43,42.2
15:54:28,2596,22.44,42.28
15:54:32,2597,22.43,42.29
15:54:34,2598,22.44,42.25
15:54:37,2599,22.43,42.13
15:54:40,2600,22.44,41.88
15:54:43,2601,22.43,41.87
15:54:47,2602,22.43,41.84
15:54:50,2603,22.43,41.69
15:54:53,2604,22.44,41.22
15:54:56,2605,22.44,41.08
15:55:00,2606,22.41,41.11
15:55:02,2607,22.43,41.08
15:55:05,2608,22.41,41.0
15:55:08,2609,22.43,41.06
15:55:11,2610,22.41,41.12
15:55:14,2611,22.41,41.13
15:55:17,2612,22.4,40.84
15:55:20,2613,22.41,40.68
15:55:23,2614,22.4,40.59
15:55:26,2615,22.4,40.49
15:55:29,2616,22.41,40.41
15:55:33,2617,22.43,40.36
15:55:35,2618,22.41,40.27
15:55:39,2619,22.4,40.09
15:55:41,2620,22.4,40.06
15:55:44,2621,22.41,40.08
15:55:47,2622,22.41,40.15
15:55:51,2623,22.41,40.36
15:55:53,2624,22.43,40.55
15:55:57,2625,22.43,40.56
15:55:59,2626,22.43,40.49
15:56:03,2627,22.43,40.49
15:56:06,2628,22.43,40.33
15:56:09,2629,22.43,40.15
15:56:12,2630,22.43,40.06
15:56:15,2631,22.43,40.02
15:56:18,2632,22.39,39.96
15:56:21,2633,22.4,39.86
15:56:24,2634,22.41,39.77
15:56:27,2635,22.41,39.82
15:56:30,2636,22.41,39.89
15:56:33,2637,22.43,39.88
15:56:36,2638,22.4,39.9
15:56:39,2639,22.41,39.92
15:56:42,2640,22.41,40.04
15:56:46,2641,22.44,39.99
15:56:49,2642,22.41,40.02
15:56:51,2643,22.43,39.91
15:56:54,2644,22.41,39.83
15:56:57,2645,22.4,39.91
15:57:00,2646,22.41,39.99
15:57:04,2647,22.41,40.02
15:57:07,2648,22.44,40.08
15:57:10,2649,22.43,40.06
15:57:13,2650,22.43,40.1
15:57:16,2651,22.44,40.12
15:57:20,2652,22.44,40.07
15:57:22,2653,22.43,40.12
15:57:25,2654,22.43,40.15
15:57:28,2655,22.43,40.2
15:57:31,2656,22.41,40.23
15:57:34,2657,22.43,40.27
15:57:37,2658,22.45,40.25
15:57:40,2659,22.43,40.25
15:57:43,2660,22.41,40.24
15:57:46,2661,22.43,40.25
15:57:49,2662,22.44,40.32
15:57:52,2663,22.44,40.24
15:57:55,2664,22.44,40.18
15:57:58,2665,22.44,40.18
15:58:01,2666,22.44,40.32
15:58:05,2667,22.45,40.51
15:58:07,2668,22.47,40.58
15:58:10,2669,22.48,40.61
15:58:14,2670,22.47,40.61
15:58:16,2671,22.44,40.62
15:58:20,2672,22.47,40.52
15:58:23,2673,22.48,40.43
15:58:26,2674,22.48,40.53
15:58:29,2675,22.47,40.52
15:58:32,2676,22.44,40.52
15:58:35,2677,22.47,40.42
15:58:38,2678,22.45,40.37
15:58:41,2679,22.5,40.34
15:58:44,2680,22.45,40.4
15:58:47,2681,22.48,40.43
15:58:50,2682,22.48,40.43
15:58:53,2683,22.5,40.34
15:58:56,2684,22.45,40.34
15:58:59,2685,22.47,40.31
15:59:02,2686,22.48,40.27
15:59:05,2687,22.45,40.18
15:59:08,2688,22.47,40.18
15:59:11,2689,22.47,40.18
15:59:14,2690,22.47,40.13
15:59:17,2691,22.47,40.1
15:59:20,2692,22.5,40.07
15:59:24,2693,22.44,40.09
15:59:27,2694,22.48,40.11
15:59:30,2695,22.45,40.1
15:59:33,2696,22.47,40.09
15:59:36,2697,22.47,40.12
15:59:39,2698,22.45,40.06
15:59:42,2699,22.47,40.09
15:59:45,2700,22.45,40.1
15:59:48,2701,22.47,40.11
15:59:51,2702,22.45,40.15
15:59:54,2703,22.45,40.21
15:59:57,2704,22.47,40.13
16:00:00,2705,22.45,40.19
16:00:03,2706,22.47,40.25
16:00:07,2707,22.47,40.35
16:00:09,2708,22.47,40.41
16:00:12,2709,22.47,40.48
16:00:15,2710,22.47,40.47
16:00:19,2711,22.45,40.49
16:00:21,2712,22.45,40.43
16:00:25,2713,22.45,40.35
16:00:28,2714,22.44,40.29
16:00:31,2715,22.44,40.36
16:00:34,2716,22.44,40.33
16:00:36,2717,22.45,40.23
16:00:40,2718,22.43,40.12
16:00:43,2719,22.43,40.11
16:00:46,2720,22.43,40.17
16:00:49,2721,22.43,40.19
16:00:52,2722,22.45,40.17
16:00:55,2723,22.41,40.17
16:00:58,2724,22.44,40.15
16:01:01,2725,22.43,40.21
16:01:04,2726,22.43,40.14
16:01:07,2727,22.41,40.15
16:01:10,2728,22.44,40.37
16:01:13,2729,22.44,40.58
16:01:16,2730,22.43,40.81
